4.051177584116472019e+01,-1.010130972981503117e+00,1.121576725122767293e+00,8.374767497809587624e-01
4.051177584116472019e+01,-1.010130972981503117e+00,1.121576725122767293e+00,8.374767497809587624e-01
4.051177584116472019e+01,-1.010130972981503117e+00,1.121576725122767293e+00,8.374767497809587624e-01
4.057891326255320052e+01,-1.028962915564483049e+00,9.896138369850797645e-01,7.705959744971159209e-01
4.057891326255320052e+01,-1.028962915564483049e+00,9.896138369850797645e-01,7.705959744971159209e-01
4.088081043381022539e+01,-1.069988265066109889e+00,7.990337965731362235e-01,7.271517955141746370e-01
4.129295336479272294e+01,-9.215622098457572076e-01,8.743776786173583782e-01,1.928305792383833150e-01
4.218278341393411068e+01,-1.113083366803495400e+00,8.580593648316418021e-01,6.410119715714326372e-01
4.218278341393411068e+01,-1.113083366803495400e+00,8.580593648316418021e-01,6.410119715714326372e-01
4.218278341393411068e+01,-1.113083366803495400e+00,8.580593648316418021e-01,6.410119715714326372e-01
4.098565284704394429e+01,-1.073006916727302640e+00,1.048541833265253853e+00,8.029700637177801248e-01
4.098565284704394429e+01,-1.073006916727302640e+00,1.048541833265253853e+00,8.029700637177801248e-01
4.104774830259039220e+01,-1.039610652363516019e+00,6.786869846902878756e-01,5.437394419781105270e-01
4.258902212651146613e+01,-1.149623766751432852e+00,6.674974775691541184e-01,6.385851315048978183e-01
4.184753142252701252e+01,-1.113034716623775289e+00,4.703868445995736947e-01,5.318519913286661183e-01
4.179708583555164125e+01,-1.207166314196460366e+00,4.188656358638689903e-01,9.426030259338772366e-01
4.182757052926327646e+01,-1.236602546075792564e+00,5.216723020840727809e-01,1.134641457660227504e+00
4.101300713784356589e+01,-1.145539691559508411e+00,6.566517552626515153e-01,1.006660146747871742e+00
4.101300713784356589e+01,-1.145539691559508411e+00,6.566517552626515153e-01,1.006660146747871742e+00
4.121748346595363444e+01,-1.058511690157759366e+00,3.639494784743171341e-01,5.924622398200000140e-01
4.074738742703917893e+01,-1.068877503901243253e+00,7.573535444923211735e-01,8.252469444394450182e-01
4.149416510924736912e+01,-1.214947902612397268e+00,5.161876794451427664e-01,1.261553054719266598e+00
4.177620165894688853e+01,-1.261251678686918787e+00,5.859342910233671375e-01,1.394780806588385103e+00
4.177620165894688853e+01,-1.261251678686918787e+00,5.859342910233671375e-01,1.394780806588385103e+00
4.247012132574242571e+01,-1.319121593807542459e+00,4.768051874577697857e-01,1.540027488663636479e+00
4.178809270613411542e+01,-1.249843303146104256e+00,5.561322444982269575e-01,1.456020320127380696e+00
4.178809270613411542e+01,-1.249843303146104256e+00,5.561322444982269575e-01,1.456020320127380696e+00
4.178809270613411542e+01,-1.249843303146104256e+00,5.561322444982269575e-01,1.456020320127380696e+00
4.178809270613411542e+01,-1.249843303146104256e+00,5.561322444982269575e-01,1.456020320127380696e+00
4.239443841212758457e+01,-1.299694105808879563e+00,3.402274435550045051e-01,1.457409466395358510e+00
4.239443841212758457e+01,-1.299694105808879563e+00,3.402274435550045051e-01,1.457409466395358510e+00
4.244733531698513218e+01,-1.318751644741680940e+00,5.930657864670759727e-01,1.682178627239735214e+00
4.299393868763959858e+01,-1.307656232694053955e+00,1.234791725078805635e+00,1.935938103633167984e+00
4.259629068900184734e+01,-1.244525144608568779e+00,1.389727778777029243e+00,1.864763819742503381e+00
4.259629068900184734e+01,-1.244525144608568779e+00,1.389727778777029243e+00,1.864763819742503381e+00
4.259629068900184734e+01,-1.244525144608568779e+00,1.389727778777029243e+00,1.864763819742503381e+00
4.141993263178234486e+01,-1.136675995908122960e+00,1.361687290062822075e+00,1.529412980230986818e+00
4.093957986030028451e+01,-1.072639810923384784e+00,1.367784459878321091e+00,1.262435068687707496e+00
4.147336030335306134e+01,-1.067793677492132165e+00,1.598075918987927224e+00,1.346148510500182915e+00
4.147336030335306134e+01,-1.067793677492132165e+00,1.598075918987927224e+00,1.346148510500182915e+00
4.135834033166549517e+01,-9.439866880821261574e-01,1.677816282901972267e+00,1.039344715434142197e+00
4.229858361552656731e+01,-8.347719737757691716e-01,2.029267500828494164e+00,7.014351644086997961e-01
4.235434860110009225e+01,-8.059042308576805924e-01,2.019722268285192968e+00,5.825211541357292466e-01
4.205326621748532290e+01,-8.693128023232707946e-01,1.967709158875202480e+00,7.506393576081648034e-01
4.210042847420790224e+01,-8.562448069982044885e-01,1.982607761839054517e+00,7.811558325117505808e-01
4.378951898637810558e+01,-8.821570598010013420e-01,2.305707374630439510e+00,1.139523119759944692e+00
4.389146719193907842e+01,-7.237271392262467629e-01,2.124346446244902875e+00,6.658533156345349813e-01
4.389146719193907842e+01,-7.237271392262467629e-01,2.124346446244902875e+00,6.658533156345349813e-01
4.388515171373256862e+01,-6.913923566082812444e-01,1.883417692577908475e+00,4.777943081723700081e-01
4.368165797038891185e+01,-6.662792321146722152e-01,1.833493078670227039e+00,2.885933392039350398e-01
4.368165797038891185e+01,-6.662792321146722152e-01,1.833493078670227039e+00,2.885933392039350398e-01
4.219975692089109032e+01,-7.230344637076454584e-01,1.572345407868170231e+00,1.600662217628304185e-01
4.201329305631531241e+01,-7.384438096259157147e-01,1.624638554591056439e+00,1.674651691091894878e-01
4.115892420419299214e+01,-9.407943743400801750e-01,7.422442094915546740e-01,4.677347092705373965e-01
4.072525773594827569e+01,-1.006512809358993676e+00,8.455644518632261519e-01,6.145621432434777986e-01
4.072646269257833751e+01,-1.010007575564019433e+00,8.171610422059656376e-01,6.502784920292323800e-01
4.072646269257833751e+01,-1.010007575564019433e+00,8.171610422059656376e-01,6.502784920292323800e-01
4.072646269257833751e+01,-1.010007575564019433e+00,8.171610422059656376e-01,6.502784920292323800e-01
4.071649971269864920e+01,-1.031458618005822947e+00,1.019397160083411080e+00,1.001688150592042081e+00
4.067999759983175778e+01,-1.053983580094152384e+00,9.521162698548422121e-01,1.010917292593794370e+00
4.110274511019049015e+01,-1.095152159804960279e+00,1.000387567014139112e+00,1.298479411190298194e+00
4.110274511019049015e+01,-1.095152159804960279e+00,1.000387567014139112e+00,1.298479411190298194e+00
4.116214889454964521e+01,-1.140276342587689395e+00,8.912866963835046619e-01,1.365202992486129085e+00
4.116214889454964521e+01,-1.140276342587689395e+00,8.912866963835046619e-01,1.365202992486129085e+00
4.116214889454964521e+01,-1.140276342587689395e+00,8.912866963835046619e-01,1.365202992486129085e+00
4.137606697386005550e+01,-1.110500507387335301e+00,5.918106743294568872e-01,1.107362977286035832e+00
4.110509886677918701e+01,-1.070067227914103025e+00,5.946022252558839094e-01,8.874687403321290802e-01
4.101079161261262129e+01,-1.113898412804890103e+00,6.509964140820593270e-01,1.047054862003518050e+00
4.094531654823170896e+01,-1.158436437489976489e+00,8.011013334272661934e-01,1.221912987420683994e+00
4.094531654823170896e+01,-1.158436437489976489e+00,8.011013334272661934e-01,1.221912987420683994e+00
4.098813598560781912e+01,-1.117978815210003418e+00,1.194900516493428100e+00,1.375992064515694668e+00
4.153429334389272043e+01,-1.050554335521700633e+00,1.517762087195150267e+00,1.401390949016690701e+00
4.153429334389272043e+01,-1.050554335521700633e+00,1.517762087195150267e+00,1.401390949016690701e+00
4.188358335582698544e+01,-1.100317687826639634e+00,1.641170359391279643e+00,1.493461548673203465e+00
4.145058818441869875e+01,-9.370525923185926143e-01,1.590197166882100666e+00,1.057797896507762125e+00
4.145058818441869875e+01,-9.370525923185926143e-01,1.590197166882100666e+00,1.057797896507762125e+00
4.145058818441869875e+01,-9.370525923185926143e-01,1.590197166882100666e+00,1.057797896507762125e+00
4.145058818441869875e+01,-9.370525923185926143e-01,1.590197166882100666e+00,1.057797896507762125e+00
4.123619290738048448e+01,-8.957433486802300893e-01,1.530807991437241000e+00,8.431900886452315946e-01
4.123619290738048448e+01,-8.957433486802300893e-01,1.530807991437241000e+00,8.431900886452315946e-01
4.063381133998089467e+01,-1.035548512592788795e+00,1.280001880009291604e+00,9.780171588566123342e-01
4.078124913137241236e+01,-1.042102703640023220e+00,1.328014767955088216e+00,1.152390174527080147e+00
4.078124913137241236e+01,-1.042102703640023220e+00,1.328014767955088216e+00,1.152390174527080147e+00
4.078124913137241236e+01,-1.042102703640023220e+00,1.328014767955088216e+00,1.152390174527080147e+00
4.078124913137241236e+01,-1.042102703640023220e+00,1.328014767955088216e+00,1.152390174527080147e+00
4.127496267115078155e+01,-1.114098303860027839e+00,1.406057520294663687e+00,1.262982698363175116e+00
4.128792030299453586e+01,-1.084590266419690252e+00,1.421282280959791366e+00,1.091821815753369673e+00
4.055967438628336197e+01,-1.043164725691490657e+00,1.174899962005856446e+00,9.968995864484185843e-01
4.055967438628336197e+01,-1.043164725691490657e+00,1.174899962005856446e+00,9.968995864484185843e-01
4.114139440260279201e+01,-8.588234273933934571e-01,1.181699154779405125e+00,4.634945780700790996e-01
4.083692966081562048e+01,-8.819856906921333950e-01,1.380444439883089736e+00,5.533366270193765812e-01
4.067078147053423720e+01,-1.101848140405356835e+00,1.037224375297459478e+00,1.141738931822562364e+00
4.061553647310070403e+01,-9.733207349784437357e-01,1.232613547338754056e+00,8.564976879674301991e-01
4.098039755469336143e+01,-9.493220178249320851e-01,7.832251142569011115e-01,4.128908634416472156e-01
4.098039755469336143e+01,-9.493220178249320851e-01,7.832251142569011115e-01,4.128908634416472156e-01
4.098039755469336143e+01,-9.493220178249320851e-01,7.832251142569011115e-01,4.128908634416472156e-01
4.123183891400104528e+01,-1.030789264453109810e+00,4.750552674471593684e-01,4.327216040963102195e-01
4.123183891400104528e+01,-1.030789264453109810e+00,4.750552674471593684e-01,4.327216040963102195e-01
4.110242850879092913e+01,-9.393967414351569456e-01,7.378754889447158849e-01,3.870854478715788916e-01
4.127312905974540058e+01,-1.107369960029136235e+00,4.273199297269738572e-01,6.619657570049939377e-01
4.124858728941182306e+01,-1.119168406613233246e+00,3.930458054704357718e-01,7.272876906123710850e-01
4.124858728941182306e+01,-1.119168406613233246e+00,3.930458054704357718e-01,7.272876906123710850e-01
4.145170570112582453e+01,-1.184012675536838310e+00,3.505422329740232046e-01,1.027028115126088270e+00
4.180865842383978759e+01,-1.174796830180927065e+00,6.419344110672907666e-01,8.649543098577252564e-01
4.144150720354055295e+01,-1.042533134100893655e+00,3.344598863489857132e-01,3.503301349980501023e-01
4.148076816004094525e+01,-1.074206651491786069e+00,2.734494688797436956e-01,4.159953643905861531e-01
4.154174821944017992e+01,-9.668537066923382772e-01,5.850693190863538451e-01,1.705314976643862168e-01
4.154174821944017992e+01,-9.668537066923382772e-01,5.850693190863538451e-01,1.705314976643862168e-01
4.154174821944017992e+01,-9.668537066923382772e-01,5.850693190863538451e-01,1.705314976643862168e-01
4.154174821944017992e+01,-9.668537066923382772e-01,5.850693190863538451e-01,1.705314976643862168e-01
4.154174821944017992e+01,-9.668537066923382772e-01,5.850693190863538451e-01,1.705314976643862168e-01
4.154174821944017992e+01,-9.668537066923382772e-01,5.850693190863538451e-01,1.705314976643862168e-01
4.137177690809610908e+01,-8.588156940601998635e-01,9.203532899011854784e-01,1.081846790619295368e-01
4.137177690809610908e+01,-8.588156940601998635e-01,9.203532899011854784e-01,1.081846790619295368e-01
4.092815720739726260e+01,-8.719305888675714655e-01,1.189103269827744391e+00,3.502681340209784500e-01
4.054526910224083736e+01,-1.047220717927352274e+00,1.095177808862010105e+00,9.243145092748519254e-01
4.054526910224083736e+01,-1.047220717927352274e+00,1.095177808862010105e+00,9.243145092748519254e-01
4.054526910224083736e+01,-1.047220717927352274e+00,1.095177808862010105e+00,9.243145092748519254e-01
4.054433397839387965e+01,-1.006722116373339526e+00,1.171873448595960987e+00,7.968982325555465929e-01
4.054433397839387965e+01,-1.006722116373339526e+00,1.171873448595960987e+00,7.968982325555465929e-01
4.054433397839387965e+01,-1.006722116373339526e+00,1.171873448595960987e+00,7.968982325555465929e-01
4.054433397839387965e+01,-1.006722116373339526e+00,1.171873448595960987e+00,7.968982325555465929e-01
4.078842016552982841e+01,-9.073756911674599746e-01,1.354217028232587383e+00,5.194858266069091179e-01
4.089684870534861005e+01,-1.026711494552548620e+00,1.272362590518858028e+00,7.900163233827911524e-01
4.133432132058487696e+01,-9.870558507867511766e-01,1.043975227517131676e+00,4.136614728370765492e-01
4.133432132058487696e+01,-9.870558507867511766e-01,1.043975227517131676e+00,4.136614728370765492e-01
4.126607540911901850e+01,-1.084246039872220235e+00,6.414936463893274876e-01,6.188934339201720425e-01
4.152776832117107375e+01,-9.528609873112610096e-01,9.761371140224732734e-01,2.453663856598848891e-01
4.151973462854219576e+01,-9.420622394701433366e-01,1.130198370616763093e+00,2.812838638938998104e-01
4.126498339194620257e+01,-8.140908267806086229e-01,1.385132852975219375e+00,2.587707745360480760e-01
4.201951263302640882e+01,-8.388871088671772114e-01,1.762211298620972588e+00,3.498925960510926858e-01
4.340968804917354618e+01,-6.567338234155386534e-01,1.830457432960957975e+00,-2.493006886540360956e-01
4.456879765391776971e+01,-4.423883655145363636e-01,1.932328684675036490e+00,-1.096160560871360712e+00
4.456879765391776971e+01,-4.423883655145363636e-01,1.932328684675036490e+00,-1.096160560871360712e+00
4.456879765391776971e+01,-4.423883655145363636e-01,1.932328684675036490e+00,-1.096160560871360712e+00
4.466179426747343939e+01,-4.177780937294863772e-01,2.009239381730419716e+00,-1.083040398386580172e+00
4.363802366962058699e+01,-5.403025129105046842e-01,1.451995890034303072e+00,-1.046554043364494868e+00
4.306947849673672124e+01,-6.310480937731401951e-01,1.167859953221574987e+00,-8.531838098156518946e-01
4.349083510119761797e+01,-5.522582727536329283e-01,1.077991118805765147e+00,-1.175121657761931893e+00
4.349083510119761797e+01,-5.522582727536329283e-01,1.077991118805765147e+00,-1.175121657761931893e+00
4.349083510119761797e+01,-5.522582727536329283e-01,1.077991118805765147e+00,-1.175121657761931893e+00
4.326445007790776742e+01,-6.689804832550408920e-01,1.302425667852431967e+00,-7.051921483143637204e-01
4.326445007790776742e+01,-6.689804832550408920e-01,1.302425667852431967e+00,-7.051921483143637204e-01
4.319615410779363174e+01,-6.598467990522342008e-01,1.092163265301723474e+00,-8.456901041096355209e-01
4.306509102366035791e+01,-6.885798244760817921e-01,8.703256536161548818e-01,-8.237896930886275948e-01
4.374375986888750845e+01,-7.383269168825804529e-01,4.609299109086648083e-01,-9.924656822098090192e-01
4.266431744003720183e+01,-6.897170922321368414e-01,9.387518078871777139e-01,-6.603477991797666036e-01
4.266431744003720183e+01,-6.897170922321368414e-01,9.387518078871777139e-01,-6.603477991797666036e-01
4.292862956136661268e+01,-6.777204063571113934e-01,9.591449735121573283e-01,-7.838984430647077950e-01
4.284269442565146591e+01,-6.952708716248108267e-01,9.416785090407585601e-01,-7.200173157063920470e-01
4.284269442565146591e+01,-6.952708716248108267e-01,9.416785090407585601e-01,-7.200173157063920470e-01
4.205236394292501245e+01,-7.875069156294809414e-01,8.856148684169764529e-01,-2.482988655424193114e-01
4.199008337316414696e+01,-7.411745496380209852e-01,1.428168229033438763e+00,-4.445181834516595543e-02
4.130556924087095183e+01,-8.077308032631247414e-01,1.361372961765818346e+00,2.590442119949588617e-01
4.100380054183836620e+01,-8.493361515489121771e-01,1.376303469987091965e+00,4.091478806448002881e-01
4.161202071035339145e+01,-7.948004034882619750e-01,1.256259020238732926e+00,1.856843734037455507e-02
4.211986320324544408e+01,-7.583781342693832750e-01,1.065733418890915551e+00,-2.728623804920943252e-01
4.228127769643909772e+01,-7.110757268232773542e-01,1.179899818037634107e+00,-2.927024244649737983e-01
4.275502802276867698e+01,-6.381793589927694521e-01,1.117761645025691086e+00,-7.343062342882757942e-01
4.275502802276867698e+01,-6.381793589927694521e-01,1.117761645025691086e+00,-7.343062342882757942e-01
4.273909457913885035e+01,-6.905044688832808752e-01,9.830245562685251404e-01,-6.816993295559441446e-01
4.273909457913885035e+01,-6.905044688832808752e-01,9.830245562685251404e-01,-6.816993295559441446e-01
4.236577346307279868e+01,-7.204527792221536719e-01,9.616107056540447173e-01,-4.177458278150730786e-01
4.253994934850083354e+01,-6.855173052598010353e-01,1.126718770932602309e+00,-3.277471553104441826e-01
4.244854171813705790e+01,-6.898556145460247313e-01,1.163762019108294909e+00,-4.478311145046516284e-01
4.128192307503657332e+01,-8.915288650977526430e-01,9.303016290450479842e-01,1.541407135638667159e-01
4.084844800086018779e+01,-1.002404466168343777e+00,7.408029976370078540e-01,5.758473987789214377e-01
4.084844800086018779e+01,-1.002404466168343777e+00,7.408029976370078540e-01,5.758473987789214377e-01
4.084844800086018779e+01,-1.002404466168343777e+00,7.408029976370078540e-01,5.758473987789214377e-01
4.094379902874795363e+01,-9.933686649897023324e-01,7.186626397128488275e-01,4.823454122825445722e-01
4.114954848719334990e+01,-1.076871987409583564e+00,6.459057568604974486e-01,6.284394537198594310e-01
4.086934582248643721e+01,-1.016272194823347519e+00,8.741227956254856712e-01,5.631828766577222645e-01
4.097094065840990140e+01,-8.763530785860285111e-01,1.264333769142280683e+00,3.331922286112087850e-01
4.097073868392417495e+01,-8.651160012026500867e-01,1.436856535955082226e+00,4.429253682585599927e-01
4.097073868392417495e+01,-8.651160012026500867e-01,1.436856535955082226e+00,4.429253682585599927e-01
4.115735371748078819e+01,-8.488289204425548684e-01,1.267491700102989505e+00,2.303375873165532661e-01
4.150507812014328834e+01,-8.660904544791765414e-01,7.860188842358579731e-01,1.662405554770912675e-01
4.083945468407289070e+01,-1.041255862129450760e+00,6.975476926180353976e-01,7.441613599800642742e-01
4.101918069004963030e+01,-1.007692708552883287e+00,8.109687351124250654e-01,8.368680941341306578e-01
4.132127925852069694e+01,-8.078913988054350348e-01,1.437480826157822911e+00,3.492469058294568329e-01
4.064384768872970710e+01,-9.557885035998880952e-01,1.355772000719190240e+00,7.308652818854024513e-01
4.064384768872970710e+01,-9.557885035998880952e-01,1.355772000719190240e+00,7.308652818854024513e-01
4.060887034612018454e+01,-1.065473543431634251e+00,9.168211900562174277e-01,9.487682528990902808e-01
4.097587891979675589e+01,-9.994656192161774921e-01,1.544258294305311807e+00,1.046845970452604968e+00
4.131080540272287038e+01,-9.302946327189918208e-01,1.732846103604133603e+00,8.587308230818722077e-01
4.131080540272287038e+01,-9.302946327189918208e-01,1.732846103604133603e+00,8.587308230818722077e-01
4.138633377249061596e+01,-1.071722132341342171e+00,7.673051573432878580e-01,5.823149209410503069e-01
4.105514859868561217e+01,-1.125444610797020850e+00,8.367030993868671551e-01,9.091432486226811438e-01
4.105514859868561217e+01,-1.125444610797020850e+00,8.367030993868671551e-01,9.091432486226811438e-01
4.088764121851939137e+01,-1.090086970957120149e+00,6.456107774372727981e-01,8.599955806930749125e-01
4.124532950283666821e+01,-9.395221931054681397e-01,9.306754054292343259e-01,2.573660971971101219e-01
4.072438632971542916e+01,-9.985961704853010268e-01,8.373210290858238425e-01,6.279202073625173020e-01
4.083176174562461824e+01,-1.063906809782644958e+00,1.059396100695925824e+00,1.166858315723516171e+00
4.083176174562461824e+01,-1.063906809782644958e+00,1.059396100695925824e+00,1.166858315723516171e+00
4.074113307333140455e+01,-1.101413503324419008e+00,8.062904950195389775e-01,9.612224146781305212e-01
4.065536815202659682e+01,-9.497218726669788280e-01,1.144921707833868485e+00,7.248292411481049857e-01
4.083324367869435889e+01,-9.824116548228247758e-01,1.132125098247887651e+00,9.301388235231260460e-01
4.099647810566153083e+01,-9.537630808847098463e-01,1.546276387316827705e+00,7.551338791449306864e-01
4.104176642500695493e+01,-8.667700330812222465e-01,1.355236943519259718e+00,3.390980053121703808e-01
4.068952253875126956e+01,-1.009022789881688587e+00,1.305692720920692329e+00,8.302968618726849215e-01
4.068952253875126956e+01,-1.009022789881688587e+00,1.305692720920692329e+00,8.302968618726849215e-01
4.080011923620246250e+01,-1.122342023536170297e+00,1.118502608071730187e+00,1.249467254730241006e+00
4.135389343502869508e+01,-1.222371674933990127e+00,9.043045840666217305e-01,1.457810411922338512e+00
4.070969225238120970e+01,-1.102509112378952105e+00,1.126971508828585655e+00,1.164700247753942541e+00
4.133534102646948583e+01,-1.206622662387335065e+00,7.002736432038876302e-01,1.200848093065244537e+00
4.094475562980601779e+01,-1.127226206869057723e+00,9.332054006571273153e-01,9.985511400946263105e-01
4.144200097445045117e+01,-1.032129664427196225e+00,9.950733929859643112e-01,5.225512803366354486e-01
4.106145676495739849e+01,-1.118307791684235664e+00,8.894919778465341098e-01,8.964166574457704817e-01
4.136645409590261835e+01,-1.069493560211178806e+00,1.187376146830027901e+00,7.885183428807659434e-01
4.274662228154016930e+01,-1.244805263788002936e+00,7.189321049691630439e-01,1.057032961096331158e+00
4.274662228154016930e+01,-1.244805263788002936e+00,7.189321049691630439e-01,1.057032961096331158e+00
4.274662228154016930e+01,-1.244805263788002936e+00,7.189321049691630439e-01,1.057032961096331158e+00
4.238598945694410247e+01,-1.246670336171144644e+00,7.277404517491810054e-01,1.133288491133462639e+00
4.329652442702850124e+01,-1.339689723808821453e+00,3.140435082736106609e-01,1.281581320798740542e+00
4.409390962015875459e+01,-1.400843828771676236e+00,3.710393608860685366e-01,1.538809004261777691e+00
4.182800046103388070e+01,-1.188988175648927559e+00,5.019021397254246342e-01,8.720911128025676806e-01
4.109377754092939483e+01,-1.102174559610278326e+00,6.750332323991530270e-01,7.506389340970137658e-01
4.109395982804995384e+01,-1.156674931420515806e+00,8.844880833910673257e-01,1.071154637700845624e+00
4.067885694331511104e+01,-9.744216657429172201e-01,9.399079837994820386e-01,6.493864164847307219e-01
4.075688773891305772e+01,-1.078411914096002899e+00,7.809719734431883609e-01,8.307060410642167492e-01
4.058088758735351576e+01,-1.019226758512506548e+00,9.613370625464401353e-01,7.420892452395222438e-01
4.136434846635653884e+01,-1.131158043747202857e+00,8.228934915667595051e-01,8.448640346333023965e-01
4.118965496840708340e+01,-1.126226451986637622e+00,1.293545531769628498e+00,1.207275265205880688e+00
4.147633033722770080e+01,-1.064507392388564178e+00,1.029190197551509867e+00,6.524206364693320159e-01
4.147633033722770080e+01,-1.064507392388564178e+00,1.029190197551509867e+00,6.524206364693320159e-01
4.135958880209110333e+01,-8.681608674716838614e-01,1.351399675368785580e+00,2.380865514825227791e-01
4.094531057479617431e+01,-9.644772441111850725e-01,1.307975035646115503e+00,5.753153161424799933e-01
4.152450089609344985e+01,-9.046686003747115290e-01,1.486529987488084625e+00,3.879193078724215704e-01
4.089569970020411205e+01,-9.267396809188856999e-01,1.186556979359572495e+00,4.132173125857521168e-01
4.114999147745613328e+01,-1.031678088618142253e+00,1.342199828829154340e+00,7.990400168958782245e-01
4.114999147745613328e+01,-1.031678088618142253e+00,1.342199828829154340e+00,7.990400168958782245e-01
4.104681260814533061e+01,-9.775462646650217025e-01,1.335002588351097863e+00,6.120429936150326711e-01
4.135223036769043858e+01,-9.761114974472577810e-01,1.690714340289545481e+00,9.261195987236598981e-01
4.121981376161592436e+01,-9.393743550659376940e-01,1.685152556978817495e+00,8.278300736909808277e-01
4.105589235954826677e+01,-9.140245769103875206e-01,1.552457346904518642e+00,8.556306142770284673e-01
4.105589235954826677e+01,-9.140245769103875206e-01,1.552457346904518642e+00,8.556306142770284673e-01
4.105589235954826677e+01,-9.140245769103875206e-01,1.552457346904518642e+00,8.556306142770284673e-01
4.105589235954826677e+01,-9.140245769103875206e-01,1.552457346904518642e+00,8.556306142770284673e-01
4.105589235954826677e+01,-9.140245769103875206e-01,1.552457346904518642e+00,8.556306142770284673e-01
4.105589235954826677e+01,-9.140245769103875206e-01,1.552457346904518642e+00,8.556306142770284673e-01
4.105589235954826677e+01,-9.140245769103875206e-01,1.552457346904518642e+00,8.556306142770284673e-01
4.086713557961335397e+01,-1.041393772001355966e+00,1.426073760613074448e+00,1.081643787835283366e+00
4.077887887635743169e+01,-1.104306160819617411e+00,1.185061775863522460e+00,1.232520678520881541e+00
4.073911688480280446e+01,-1.076615705135460566e+00,1.090000285992726470e+00,1.179363717665236955e+00
4.073911688480280446e+01,-1.076615705135460566e+00,1.090000285992726470e+00,1.179363717665236955e+00
4.073911688480280446e+01,-1.076615705135460566e+00,1.090000285992726470e+00,1.179363717665236955e+00
4.063307358182737516e+01,-9.445554328431543523e-01,1.308117507394837897e+00,7.568089293637996207e-01
4.127219669094861842e+01,-9.922190130189902924e-01,1.211849887851362384e+00,1.108823402368376954e+00
4.127219669094861842e+01,-9.922190130189902924e-01,1.211849887851362384e+00,1.108823402368376954e+00
4.165694737458024832e+01,-8.282537443040729475e-01,1.235743631158416234e+00,4.881906954640200524e-01
4.165694737458024832e+01,-8.282537443040729475e-01,1.235743631158416234e+00,4.881906954640200524e-01
4.165694737458024832e+01,-8.282537443040729475e-01,1.235743631158416234e+00,4.881906954640200524e-01
4.103668025218559023e+01,-8.878659300315058234e-01,1.063679096501991328e+00,4.877117922877134970e-01
4.190018348989111274e+01,-8.669379728832061760e-01,8.897537072915733258e-01,4.531085063967963400e-01
4.227996192196835068e+01,-9.662517054294077479e-01,1.190727482899359924e+00,1.154490564888791759e+00
4.227996192196835068e+01,-9.662517054294077479e-01,1.190727482899359924e+00,1.154490564888791759e+00
4.401572214834087049e+01,-9.112058471556252481e-01,1.640219410386769328e+00,1.323433030687714451e+00
4.285733598777977704e+01,-8.929979412648906267e-01,1.833702518319207053e+00,1.172801968493946134e+00
4.285733598777977704e+01,-8.929979412648906267e-01,1.833702518319207053e+00,1.172801968493946134e+00
4.226556559584140160e+01,-8.408625850360997855e-01,1.816834658664369107e+00,8.820878722151908047e-01
4.226556559584140160e+01,-8.408625850360997855e-01,1.816834658664369107e+00,8.820878722151908047e-01
4.226556559584140160e+01,-8.408625850360997855e-01,1.816834658664369107e+00,8.820878722151908047e-01
4.088153868541571256e+01,-8.720827037687398642e-01,1.371890944171056503e+00,4.667127079523090694e-01
4.088153868541571256e+01,-8.720827037687398642e-01,1.371890944171056503e+00,4.667127079523090694e-01
4.122749946927299902e+01,-8.827787933513984164e-01,1.079176979948579529e+00,1.841676274925727608e-01
4.164650967800441350e+01,-8.767104719906917421e-01,6.739832614174042780e-01,6.198416370434361999e-03
4.243964312365770297e+01,-8.493578104432686349e-01,6.123520067564769409e-01,-3.338401760581027888e-01
4.234173387032668501e+01,-7.569204628236286814e-01,9.866700300234101384e-01,-3.947604117940967106e-01
4.203697409977736044e+01,-7.671188618657831526e-01,1.543727981523364434e+00,1.845037766873225404e-02
4.231309184283398395e+01,-8.466014273093910303e-01,1.389530413228332373e+00,2.750972259039528162e-02
4.217034160067810689e+01,-7.899914301236090619e-01,1.327715404809219235e+00,-1.184428341673355589e-01
4.162439902520996782e+01,-9.315766683458206465e-01,9.795770009523069310e-01,1.687104874532584231e-01
4.112711314195429679e+01,-9.492237563662148103e-01,8.894226310700412697e-01,3.048681208369217743e-01
4.187355224465327552e+01,-8.979645244771604640e-01,9.626858305906088598e-01,2.591204937322161284e-02
4.177445941120967632e+01,-9.028065112517488222e-01,9.913861210125962664e-01,6.811765617962098340e-02
4.251685585051627925e+01,-7.388842854666921589e-01,1.065813236032782996e+00,-4.596974508145097449e-01
4.251685585051627925e+01,-7.388842854666921589e-01,1.065813236032782996e+00,-4.596974508145097449e-01
4.318255078298229677e+01,-7.372533877002965808e-01,8.230875950215111869e-01,-7.340109365677145448e-01
4.328771340870185469e+01,-9.337943907009798039e-01,2.624493645446008827e-01,-3.834625478888452621e-01
4.328771340870185469e+01,-9.337943907009798039e-01,2.624493645446008827e-01,-3.834625478888452621e-01
4.314702174728780903e+01,-9.527312887669467933e-01,5.166123654153946809e-01,-1.963329626338387590e-01
4.295452361333357061e+01,-9.564441354572021936e-01,4.034799544157967599e-01,-2.037258380944562408e-01
4.323496830639594890e+01,-9.694123647860685145e-01,2.872037878983762504e-01,-2.514921626226840901e-01
4.324509131423005215e+01,-9.559790831009439271e-01,1.511924958630572746e-01,-3.490927392778968019e-01
4.209096564540281094e+01,-1.060932235330416251e+00,-3.319635760111183664e-04,1.336683067756716525e-01
4.209096564540281094e+01,-1.060932235330416251e+00,-3.319635760111183664e-04,1.336683067756716525e-01
4.209096564540281094e+01,-1.060932235330416251e+00,-3.319635760111183664e-04,1.336683067756716525e-01
4.164182799463392826e+01,-1.010066949704837791e+00,1.794370158133413995e-01,1.739085939842083539e-01
4.164182799463392826e+01,-1.010066949704837791e+00,1.794370158133413995e-01,1.739085939842083539e-01
4.175116629346736374e+01,-9.872494655064032454e-01,2.556752093249731739e-01,9.023269035937907245e-02
4.175116629346736374e+01,-9.872494655064032454e-01,2.556752093249731739e-01,9.023269035937907245e-02
4.128396197193085726e+01,-1.113782337540521583e+00,2.909921462104154144e-01,6.815236718510140346e-01
4.093506868060055126e+01,-1.018434350494549445e+00,6.500929450232264539e-01,6.016467511504929311e-01
4.093506868060055126e+01,-1.018434350494549445e+00,6.500929450232264539e-01,6.016467511504929311e-01
4.093506868060055126e+01,-1.018434350494549445e+00,6.500929450232264539e-01,6.016467511504929311e-01
4.097257711692893878e+01,-1.111883545945393958e+00,6.033387819794217011e-01,9.355325390962665466e-01
4.140656786974196280e+01,-1.183566462473178094e+00,4.008190812447404161e-01,1.047414195119721336e+00
4.278045256101802352e+01,-1.285374405556911181e+00,1.394920969868876370e-01,1.451987126921814086e+00
4.228059684824195585e+01,-1.224490554370876172e+00,4.920238639754991872e-01,1.513628073250354422e+00
4.228059684824195585e+01,-1.224490554370876172e+00,4.920238639754991872e-01,1.513628073250354422e+00
4.228059684824195585e+01,-1.224490554370876172e+00,4.920238639754991872e-01,1.513628073250354422e+00
4.209225259975140432e+01,-1.147263570443338043e+00,3.378572018228757634e-01,1.162772837922596336e+00
4.189845156644312141e+01,-1.104837992200592867e+00,4.003062024101009531e-01,1.041535028958158415e+00
4.189845156644312141e+01,-1.104837992200592867e+00,4.003062024101009531e-01,1.041535028958158415e+00
4.175841884083870781e+01,-1.075555269602144648e+00,4.255786804805931078e-01,9.319677415744784810e-01
4.118753689916488270e+01,-1.088050306133332201e+00,9.426955611139264946e-01,1.264703113648575350e+00
4.182789356166919248e+01,-1.072337658351103284e+00,8.521838130013121848e-01,1.270825532045482875e+00
4.086592575704587205e+01,-1.039477899217651657e+00,1.070416166434783767e+00,1.108015228341155289e+00
4.086592575704587205e+01,-1.039477899217651657e+00,1.070416166434783767e+00,1.108015228341155289e+00
4.079128635199481323e+01,-1.040448657842069080e+00,8.760039697251935653e-01,9.487574585908360447e-01
4.072226378943310721e+01,-9.542326562176346449e-01,1.056185891685977429e+00,7.115603145174936861e-01
4.060309645073488127e+01,-9.907706060693550754e-01,1.086900599835856740e+00,8.424347227643946834e-01
4.104810520501474969e+01,-1.028828545518087001e+00,5.682831558466305832e-01,6.375294252645705706e-01
4.104810520501474969e+01,-1.028828545518087001e+00,5.682831558466305832e-01,6.375294252645705706e-01
4.125263920738377266e+01,-1.031190971689228020e+00,3.798621712051381549e-01,4.482804416608209275e-01
4.121026114580337207e+01,-1.066425440579718886e+00,3.605570508892690929e-01,6.111499149255391616e-01
4.127139811550306803e+01,-9.911243509483960157e-01,4.728687305451288458e-01,3.514143892779311162e-01
4.060161835251356166e+01,-9.648358789855955298e-01,1.226561570898189402e+00,6.603213254388123898e-01
4.061618963936673055e+01,-9.382918325668810899e-01,1.226327390131438877e+00,6.070672549446410882e-01
4.140349616813927014e+01,-1.096677774353648438e+00,1.215547422796260602e+00,9.183930792622231332e-01
4.136415748815426241e+01,-1.052103155426925118e+00,1.346683650164620882e+00,8.388826234638302459e-01
4.068490138158334446e+01,-1.036373035936427822e+00,1.211680227204614546e+00,8.611267814962305644e-01
4.068490138158334446e+01,-1.036373035936427822e+00,1.211680227204614546e+00,8.611267814962305644e-01
4.068490138158334446e+01,-1.036373035936427822e+00,1.211680227204614546e+00,8.611267814962305644e-01
4.104127410986581026e+01,-9.080896803865952105e-01,9.272091153205948011e-01,2.829572403173230555e-01
4.096440378250199643e+01,-9.780842005091943125e-01,7.248961938062317145e-01,5.463291522087452279e-01
4.096440378250199643e+01,-9.780842005091943125e-01,7.248961938062317145e-01,5.463291522087452279e-01
4.096440378250199643e+01,-9.780842005091943125e-01,7.248961938062317145e-01,5.463291522087452279e-01
4.111130181579048326e+01,-9.994937930148218852e-01,7.737148449837567554e-01,7.929821641373264729e-01
4.095141334322983795e+01,-1.026367416311605441e+00,1.040905432986347190e+00,1.069718207814301936e+00
4.077951058253061234e+01,-1.073677757303248770e+00,9.754848292285747124e-01,1.128921083140866699e+00
4.062763678996680028e+01,-1.028106855590021684e+00,9.573355423259533037e-01,8.971210198153085624e-01
4.109258053220115414e+01,-9.349819099614132822e-01,9.252660535650230056e-01,6.337637281531720568e-01
4.131106380287648960e+01,-9.391575738827641073e-01,7.999074515807947927e-01,5.925888050264190854e-01
4.170252066799443469e+01,-8.570292650481533547e-01,7.377362051461752168e-01,1.456366791894261326e-01
4.213133438680302589e+01,-8.623754239902569063e-01,6.270224629437854968e-01,2.122526381253605487e-01
4.297127206885276252e+01,-8.769945245871400008e-01,7.339554141354196481e-01,5.426272305119598238e-01
4.297127206885276252e+01,-8.769945245871400008e-01,7.339554141354196481e-01,5.426272305119598238e-01
4.297127206885276252e+01,-8.769945245871400008e-01,7.339554141354196481e-01,5.426272305119598238e-01
4.188992571485356819e+01,-9.318123137642763121e-01,5.635820113191115643e-01,4.645616944245564151e-01
4.217314767453913760e+01,-9.311072463420847489e-01,7.846857404617085807e-01,7.187525283700058054e-01
4.185650127361807193e+01,-8.663603924132307066e-01,8.860701506536666772e-01,4.366732613430931997e-01
4.185650127361807193e+01,-8.663603924132307066e-01,8.860701506536666772e-01,4.366732613430931997e-01
4.185650127361807193e+01,-8.663603924132307066e-01,8.860701506536666772e-01,4.366732613430931997e-01
4.169067958487909209e+01,-8.824303311326832100e-01,6.668992213205022779e-01,2.305856601121644700e-01
4.132696533692709551e+01,-9.552956351329504603e-01,7.295804634608737960e-01,2.331334821647091105e-01
4.192704999243558461e+01,-8.716004094534717250e-01,7.189752941797196151e-01,-1.195656894402967463e-01
4.119651177897002015e+01,-8.590470157698326670e-01,1.023192680762496920e+00,1.963149321772009459e-01
4.119651177897002015e+01,-8.590470157698326670e-01,1.023192680762496920e+00,1.963149321772009459e-01
4.120414149923613678e+01,-1.039725757796240879e+00,4.395582675866422928e-01,6.153404958284824922e-01
4.072623638233625343e+01,-1.014658605918443701e+00,8.404130218303412780e-01,6.315257110851376643e-01
4.072623638233625343e+01,-1.014658605918443701e+00,8.404130218303412780e-01,6.315257110851376643e-01
4.073489601861658116e+01,-9.525429797412738875e-01,9.682338846855368386e-01,4.970698912750332599e-01
4.073489601861658116e+01,-9.525429797412738875e-01,9.682338846855368386e-01,4.970698912750332599e-01
4.168014429365325668e+01,-7.721744349010118968e-01,1.471003745893442183e+00,1.108843297387454019e-01
4.131466321384519347e+01,-8.067843573061226348e-01,1.445767720712758608e+00,3.003185938014226730e-01
4.131466321384519347e+01,-8.067843573061226348e-01,1.445767720712758608e+00,3.003185938014226730e-01
4.131466321384519347e+01,-8.067843573061226348e-01,1.445767720712758608e+00,3.003185938014226730e-01
4.131466321384519347e+01,-8.067843573061226348e-01,1.445767720712758608e+00,3.003185938014226730e-01
4.131466321384519347e+01,-8.067843573061226348e-01,1.445767720712758608e+00,3.003185938014226730e-01
4.098861063392298121e+01,-8.528392641446541633e-01,1.295410875297206443e+00,3.673506923367602095e-01
4.132073751354502633e+01,-1.080850378638193332e+00,1.523104704994113545e+00,1.241068860774670046e+00
4.125083865106589798e+01,-1.091021527329961716e+00,1.469893252812925599e+00,1.361156490799835028e+00
4.125083865106589798e+01,-1.091021527329961716e+00,1.469893252812925599e+00,1.361156490799835028e+00
4.202483360260661271e+01,-1.140285581471332410e+00,1.565387159307634501e+00,1.626356454261824069e+00
4.202483360260661271e+01,-1.140285581471332410e+00,1.565387159307634501e+00,1.626356454261824069e+00
4.202483360260661271e+01,-1.140285581471332410e+00,1.565387159307634501e+00,1.626356454261824069e+00
4.132329795478427314e+01,-1.118526265390674013e+00,1.431913812744467052e+00,1.414702243188535657e+00
4.132329795478427314e+01,-1.118526265390674013e+00,1.431913812744467052e+00,1.414702243188535657e+00
4.253440599206504658e+01,-1.283063144170199621e+00,1.061352667823859619e+00,1.923815853300619771e+00
4.135199597857845077e+01,-1.161108346794368806e+00,1.246819335106416293e+00,1.545406649319116754e+00
4.102647987551571163e+01,-1.145046963156939546e+00,1.200921120508091855e+00,1.345812805701018133e+00
4.101972421181412898e+01,-9.490852973552730276e-01,1.193001592729840077e+00,4.385421303755842048e-01
4.101972421181412898e+01,-9.490852973552730276e-01,1.193001592729840077e+00,4.385421303755842048e-01
4.058403963843385753e+01,-9.757898406292834226e-01,1.063823781818373782e+00,6.363421330504900331e-01
4.111631910854474370e+01,-1.179116031159406441e+00,6.789551144268300975e-01,1.191441089751529958e+00
4.111631910854474370e+01,-1.179116031159406441e+00,6.789551144268300975e-01,1.191441089751529958e+00
4.111631910854474370e+01,-1.179116031159406441e+00,6.789551144268300975e-01,1.191441089751529958e+00
4.072410401334237662e+01,-1.114397559576950858e+00,1.003061462014289473e+00,1.092152516035997056e+00
4.101914391325180986e+01,-1.091994427496416842e+00,8.134108210914340331e-01,1.144016245443132629e+00
4.124650477971920992e+01,-1.109224316828225643e+00,5.681410056424287536e-01,1.042318298402595600e+00
4.121339156233941736e+01,-1.168109295702601802e+00,5.390097475481341327e-01,1.102934871755117729e+00
4.158833977123833847e+01,-1.164062627068493727e+00,1.768685896115521627e-01,9.540170518331410054e-01
4.198977403605788083e+01,-1.239815211346828594e+00,1.817749781882820048e-01,1.204204654374438466e+00
4.169653980981346564e+01,-1.207824238638249170e+00,2.192061967137494682e-01,9.209227449074139926e-01
4.169653980981346564e+01,-1.207824238638249170e+00,2.192061967137494682e-01,9.209227449074139926e-01
4.172033444552515391e+01,-1.052227518060637079e+00,6.562755516977383241e-01,4.068562858546705963e-01
4.327961626408581708e+01,-1.087795630666738234e+00,-7.493702185581507802e-02,-7.367304049751999262e-03
4.327961626408581708e+01,-1.087795630666738234e+00,-7.493702185581507802e-02,-7.367304049751999262e-03
4.178158693855338157e+01,-1.032514381988343111e+00,3.414151552731061190e-01,2.193208559637339627e-01
4.187732713209385338e+01,-9.575563526344519349e-01,3.538891755904745029e-01,1.290587916703389570e-03
4.271921828011768696e+01,-7.630460138840389206e-01,1.088233664607927587e+00,-4.377754137790894617e-01
4.174260113170932840e+01,-8.282863663113471109e-01,1.305178533600921842e+00,4.081706552273922650e-02
4.156992726227522894e+01,-9.456621462735829153e-01,9.958048009992739313e-01,2.244203061578775305e-01
4.118801022082247698e+01,-9.304672497597303860e-01,8.367295904288101216e-01,2.418059497384772438e-01
4.101091666377463696e+01,-1.007964226187161749e+00,1.111294426609104047e+00,5.847210578006560855e-01
4.101091666377463696e+01,-1.007964226187161749e+00,1.111294426609104047e+00,5.847210578006560855e-01
4.104430383657160064e+01,-1.019928874291323728e+00,8.714052335495465762e-01,5.194273934589850317e-01
4.104430383657160064e+01,-1.019928874291323728e+00,8.714052335495465762e-01,5.194273934589850317e-01
4.129860191738237774e+01,-1.026387728123045351e+00,7.133033598425111421e-01,4.312473296671096579e-01
4.098796148525420335e+01,-1.041926725320872160e+00,8.125302246332051226e-01,5.925737495732831261e-01
4.156136390017673676e+01,-9.831962018754165644e-01,8.155000352942386455e-01,2.709747585518853530e-01
4.149498368752882271e+01,-1.044621272398598144e+00,1.362090941067720662e-01,3.158888295165678262e-01
4.162587741353069504e+01,-1.106499904471180518e+00,-2.468010713809745682e-02,3.978823180547028660e-01
4.162587741353069504e+01,-1.106499904471180518e+00,-2.468010713809745682e-02,3.978823180547028660e-01
4.204614369305862454e+01,-1.233305735268858783e+00,-2.878107801863881432e-02,7.864970125053998284e-01
4.176425084473954996e+01,-1.180458593535140377e+00,-2.852201885208898724e-01,6.498804267010536151e-01
4.161497647150027035e+01,-1.121160132758279637e+00,-1.571171845960983859e-01,5.381835300063908534e-01
4.161497647150027035e+01,-1.121160132758279637e+00,-1.571171845960983859e-01,5.381835300063908534e-01
4.161497647150027035e+01,-1.121160132758279637e+00,-1.571171845960983859e-01,5.381835300063908534e-01
4.209961417526012184e+01,-1.139561455044055371e+00,-3.172990024421053490e-01,6.671833757233316398e-01
4.283735334321585242e+01,-8.853359296039303716e-01,-3.899071182528751622e-02,-2.221620764660096059e-01
4.229653574067501864e+01,-9.725224456022563135e-01,3.600549889226982436e-02,2.863848864011763196e-01
4.229653574067501864e+01,-9.725224456022563135e-01,3.600549889226982436e-02,2.863848864011763196e-01
4.201575239051002342e+01,-1.079465998723997178e+00,-2.612897750098401861e-01,4.204521349542258424e-01
4.256910423553640754e+01,-1.020322157093177973e+00,-1.575555884530705497e-01,-9.340909462727442492e-02
4.285287045287260099e+01,-9.901163527669011311e-01,-3.081945115863785056e-01,-2.116532065763720161e-01
4.311048262686063026e+01,-9.620608627064159979e-01,-7.577786804453748304e-02,-3.824594420714387821e-01
4.391784064168219714e+01,-9.390547725693039194e-01,-5.758406007326864751e-02,-6.457306956564644596e-01
4.391784064168219714e+01,-9.390547725693039194e-01,-5.758406007326864751e-02,-6.457306956564644596e-01
4.378970661849669455e+01,-9.783184301639173963e-01,4.889978175563626517e-02,-4.033847308347384697e-01
4.378970661849669455e+01,-9.783184301639173963e-01,4.889978175563626517e-02,-4.033847308347384697e-01
4.378970661849669455e+01,-9.783184301639173963e-01,4.889978175563626517e-02,-4.033847308347384697e-01
4.399518798346448989e+01,-9.815883844710476813e-01,-1.548510797361722369e-01,-5.338141088448545846e-01
4.316421496705854111e+01,-8.802397782082592714e-01,-4.954242451919551038e-01,-1.034282265353496655e+00
4.306708969315745605e+01,-8.213313745965967749e-01,-4.969334860627446782e-01,-1.206869987753617313e+00
4.333578290529287358e+01,-7.246888978101412304e-01,-5.948789522255040207e-01,-1.359411285212708931e+00
4.333578290529287358e+01,-7.246888978101412304e-01,-5.948789522255040207e-01,-1.359411285212708931e+00
4.454157388227604741e+01,-6.047752461263503632e-01,-2.931930977760611734e-01,-1.853811314160459967e+00
4.375066462781504839e+01,-7.120757649886269025e-01,-5.995087581081105510e-01,-1.590999404274765938e+00
4.359758215238194623e+01,-7.662831551377683459e-01,-5.656799693635770065e-01,-1.477600585275250955e+00
4.398018343804927355e+01,-6.423886025300392655e-01,-3.787848191339999726e-01,-1.697258037813625275e+00
4.493834954990142450e+01,-5.253666169825133014e-01,-1.789737752315212760e-01,-1.857110717581654580e+00
4.493834954990142450e+01,-5.253666169825133014e-01,-1.789737752315212760e-01,-1.857110717581654580e+00
4.390500529658615392e+01,-6.294185608575432189e-01,-3.564496239879306749e-01,-1.641801124528200928e+00
4.390500529658615392e+01,-6.294185608575432189e-01,-3.564496239879306749e-01,-1.641801124528200928e+00
4.447782962359809744e+01,-6.171172690617784395e-01,-5.307352934755946716e-01,-1.797012113521077481e+00
4.447782962359809744e+01,-6.171172690617784395e-01,-5.307352934755946716e-01,-1.797012113521077481e+00
4.410303225684739203e+01,-5.891748012011280844e-01,-2.628607549012063060e-02,-1.624343031768636036e+00
4.469483088029009110e+01,-5.319580098617826547e-01,2.439845161494412773e-01,-1.643844779508646603e+00
4.469483088029009110e+01,-5.319580098617826547e-01,2.439845161494412773e-01,-1.643844779508646603e+00
4.369924355665956028e+01,-6.272991970120427307e-01,-2.331099924018881220e-02,-1.475404178911363440e+00
4.324168557553495162e+01,-7.240475049226268167e-01,-2.326667784764709090e-01,-1.374920083858715447e+00
4.333266306466943263e+01,-6.709191202349028549e-01,6.222294328387667495e-04,-1.290621875950873410e+00
4.269970119812144560e+01,-9.209737276034841713e-01,-6.472024518638387625e-02,-3.556398317453934865e-01
4.269970119812144560e+01,-9.209737276034841713e-01,-6.472024518638387625e-02,-3.556398317453934865e-01
4.269970119812144560e+01,-9.209737276034841713e-01,-6.472024518638387625e-02,-3.556398317453934865e-01
4.239445466643906002e+01,-9.043902117926522211e-01,3.299148296828489091e-01,-2.641951438399091079e-01
4.207405622637848808e+01,-1.019520061262644273e+00,-1.103755436315644878e-01,5.662076102427704427e-02
4.207405622637848808e+01,-1.019520061262644273e+00,-1.103755436315644878e-01,5.662076102427704427e-02
4.195523749414046932e+01,-1.074577975494994231e+00,-2.584735076053851222e-01,3.347097940696405760e-01
4.192046629090839360e+01,-1.196072173147422868e+00,-2.636121322145187351e-01,5.799466600912619452e-01
4.195515395853486496e+01,-1.249298360291186905e+00,-1.815605327686032333e-01,8.778821798333974469e-01
4.195515395853486496e+01,-1.249298360291186905e+00,-1.815605327686032333e-01,8.778821798333974469e-01
4.195515395853486496e+01,-1.249298360291186905e+00,-1.815605327686032333e-01,8.778821798333974469e-01
4.195515395853486496e+01,-1.249298360291186905e+00,-1.815605327686032333e-01,8.778821798333974469e-01
4.183955910000694445e+01,-1.155783024013604221e+00,-3.309736516117574023e-01,5.520846904638525565e-01
4.183955910000694445e+01,-1.155783024013604221e+00,-3.309736516117574023e-01,5.520846904638525565e-01
4.183955910000694445e+01,-1.155783024013604221e+00,-3.309736516117574023e-01,5.520846904638525565e-01
4.141766869029230946e+01,-1.035731351652040111e+00,1.871251278298043941e-01,4.010327434033691407e-01
4.141766869029230946e+01,-1.035731351652040111e+00,1.871251278298043941e-01,4.010327434033691407e-01
4.208852162900247151e+01,-9.046276013385927683e-01,2.882847186231373149e-01,-1.571616424091613062e-01
4.168720080515418402e+01,-9.287426632287739681e-01,3.827119705696651608e-01,1.446888227426633144e-01
4.168720080515418402e+01,-9.287426632287739681e-01,3.827119705696651608e-01,1.446888227426633144e-01
4.203450764559014630e+01,-8.621917971372494716e-01,4.540484975915155541e-01,-6.854405862342752287e-02
4.286116548977734197e+01,-8.339938839786698033e-01,4.181686779573474122e-01,2.388322733882371207e-02
4.286116548977734197e+01,-8.339938839786698033e-01,4.181686779573474122e-01,2.388322733882371207e-02
4.352045386177100994e+01,-8.304185077820204208e-01,5.030613770537224472e-01,1.967102960660273014e-01
4.302115494758447767e+01,-8.117732132295892855e-01,7.962724482874211640e-01,2.806985632700751410e-01
4.171909173707368268e+01,-9.206171187647833598e-01,1.041576081413895460e+00,8.025062072177224781e-01
4.138793743855894292e+01,-9.028164001443003128e-01,1.322109610848090755e+00,8.375689824038237141e-01
4.191456126371734570e+01,-8.525026188730220333e-01,9.605184090438907418e-01,4.461024805984369346e-01
4.059439496401794401e+01,-1.010117225040473521e+00,1.236921159582774710e+00,9.713042628673250745e-01
4.059439496401794401e+01,-1.010117225040473521e+00,1.236921159582774710e+00,9.713042628673250745e-01
4.065518012982772689e+01,-9.822852320370990542e-01,1.326407550663705415e+00,7.676864134031078368e-01
4.189736567838824044e+01,-1.117775510363955060e+00,1.346680576127861073e+00,1.026774260676846406e+00
4.189736567838824044e+01,-1.117775510363955060e+00,1.346680576127861073e+00,1.026774260676846406e+00
4.306536059032208641e+01,-1.002249414059796395e+00,1.320742380803701099e+00,3.792172224945007386e-01
4.262490246934522986e+01,-1.146311308459837086e+00,9.256833329107391206e-01,7.488447841002705552e-01
4.207124118714959593e+01,-1.075185951407190643e+00,7.835931568242998635e-01,4.797098048861847541e-01
4.207124118714959593e+01,-1.075185951407190643e+00,7.835931568242998635e-01,4.797098048861847541e-01
4.235004637070736067e+01,-1.073473247884147330e+00,8.537093094708337881e-01,4.651027682746329273e-01
4.333362034138814778e+01,-1.022044822731598579e+00,5.929265198233746315e-01,4.289545070990530284e-02
4.132717212218052083e+01,-1.004625088832600710e+00,9.172157790985733250e-01,4.194095488101420299e-01
4.132717212218052083e+01,-1.004625088832600710e+00,9.172157790985733250e-01,4.194095488101420299e-01
4.132717212218052083e+01,-1.004625088832600710e+00,9.172157790985733250e-01,4.194095488101420299e-01
4.159128177247502123e+01,-8.222309581861013683e-01,1.039107435154637438e+00,-1.443652399547146192e-02
4.165425599908840582e+01,-8.209873014532139690e-01,1.041287151569503688e+00,-4.251650937620798931e-02
4.261251980964567565e+01,-7.014455248944484467e-01,8.725444634427845791e-01,-4.447651382760844929e-01
4.261251980964567565e+01,-7.014455248944484467e-01,8.725444634427845791e-01,-4.447651382760844929e-01
4.283104689205769233e+01,-6.589956516338502102e-01,1.159745516651608854e+00,-3.489473502997215149e-01
4.233766103694770067e+01,-7.500110981403805832e-01,1.281277264460241039e+00,2.255072066476991322e-01
4.076797966681735375e+01,-9.312265920908707750e-01,1.205888910490669375e+00,7.314365101705579963e-01
4.067946116385272148e+01,-9.654726723986772896e-01,9.600149926145380430e-01,5.653566567154820754e-01
4.067946116385272148e+01,-9.654726723986772896e-01,9.600149926145380430e-01,5.653566567154820754e-01
4.111045878869948922e+01,-9.236122569576277197e-01,8.294643522469097308e-01,4.575831331298976790e-01
4.111045878869948922e+01,-9.236122569576277197e-01,8.294643522469097308e-01,4.575831331298976790e-01
4.118681618232488972e+01,-9.066924937856930544e-01,8.258598235585942193e-01,2.300633141603259657e-01
4.091802442732198841e+01,-8.829531422675142016e-01,1.130933466639632234e+00,4.534440952651869194e-01
4.133315656143795280e+01,-8.978300290881233714e-01,8.148695716065728067e-01,3.773011318318492124e-01
4.093157246176626529e+01,-9.586990952537961519e-01,7.901050624720349358e-01,4.405712592483179701e-01
