3.561874642759195808e+01,-1.094964785945472752e+00,8.554753905558997173e-01,5.170422289972717023e-01
3.561874642759195808e+01,-1.094964785945472752e+00,8.554753905558997173e-01,5.170422289972717023e-01
3.624348382644175359e+01,-9.968662940046388865e-01,1.190030455973690726e+00,4.090531950123653671e-01
3.624348382644175359e+01,-9.968662940046388865e-01,1.190030455973690726e+00,4.090531950123653671e-01
3.646003533067913338e+01,-1.373439802278234811e+00,4.927933029797804121e-01,6.989685986899727421e-01
3.610336065773348935e+01,-1.177401994306192856e+00,1.086019144649455370e+00,8.881149039705977799e-01
3.610336065773348935e+01,-1.177401994306192856e+00,1.086019144649455370e+00,8.881149039705977799e-01
3.715679430966350338e+01,-9.577502166086659940e-01,1.641282911272022194e+00,9.594801108639753329e-01
3.670183513278266219e+01,-6.643764199209860610e-01,1.700496971255345713e+00,1.949872563034268369e-01
3.670183513278266219e+01,-6.643764199209860610e-01,1.700496971255345713e+00,1.949872563034268369e-01
3.670183513278266219e+01,-6.643764199209860610e-01,1.700496971255345713e+00,1.949872563034268369e-01
3.763662799558979088e+01,-3.207068047545380551e-01,1.890994364808115558e+00,-5.057581287520752644e-01
3.695390625165854459e+01,-5.450772433823767305e-01,1.539723438931016375e+00,-1.202763975494579030e-01
3.699018029629603888e+01,-6.264226860882075032e-01,1.135516683182393294e+00,-2.836265614021724613e-01
3.620649911332965587e+01,-1.072296556138807588e+00,8.796668076642450984e-01,6.926785055721538242e-01
3.620649911332965587e+01,-1.072296556138807588e+00,8.796668076642450984e-01,6.926785055721538242e-01
3.620649911332965587e+01,-1.072296556138807588e+00,8.796668076642450984e-01,6.926785055721538242e-01
3.674723619598265856e+01,-1.037427618196409718e+00,7.835239299943744795e-01,5.730429579208853319e-01
3.734897594653646280e+01,-9.372344496790980806e-01,8.185762550944065685e-01,3.909357612402051263e-01
3.734897594653646280e+01,-9.372344496790980806e-01,8.185762550944065685e-01,3.909357612402051263e-01
3.701275624659701435e+01,-1.036758693900541761e+00,8.877723837520796746e-01,7.167861276737381715e-01
3.719025861808727029e+01,-9.562847349004810482e-01,6.332671251047905514e-01,2.011279372037508839e-01
3.654510031638432821e+01,-7.573112930517287289e-01,1.168138265560897171e+00,1.200828541569545493e-01
3.628062779893551237e+01,-9.315994451472796589e-01,1.262584644677872348e+00,6.599177818123632688e-01
3.628062779893551237e+01,-9.315994451472796589e-01,1.262584644677872348e+00,6.599177818123632688e-01
3.622911115399124071e+01,-7.190780433967229879e-01,1.224699718110050961e+00,-3.489092621485645473e-02
3.636740673818302838e+01,-1.143416571166629758e+00,1.206214132269060046e+00,1.101202935595500421e+00
3.636740673818302838e+01,-1.143416571166629758e+00,1.206214132269060046e+00,1.101202935595500421e+00
3.636740673818302838e+01,-1.143416571166629758e+00,1.206214132269060046e+00,1.101202935595500421e+00
3.700504577685197205e+01,-1.374713010032971638e+00,1.000890570039821847e+00,1.507949718403658323e+00
3.700504577685197205e+01,-1.374713010032971638e+00,1.000890570039821847e+00,1.507949718403658323e+00
3.700504577685197205e+01,-1.374713010032971638e+00,1.000890570039821847e+00,1.507949718403658323e+00
3.765700888811490188e+01,-1.269941411250644414e+00,1.342851103587819894e+00,1.371832635110353804e+00
3.712508590456791069e+01,-1.409046514981296738e+00,9.169910523101431066e-01,1.243241292195455650e+00
3.712508590456791069e+01,-1.409046514981296738e+00,9.169910523101431066e-01,1.243241292195455650e+00
3.646046854293763317e+01,-1.307088866435248464e+00,8.350255460085151960e-01,8.685515274907587013e-01
3.682545639227915046e+01,-1.277945021951782723e+00,1.039420489138651593e+00,9.875120631508093050e-01
3.669454566290563235e+01,-1.056017882625321036e+00,1.410837570114215511e+00,8.694691697933193408e-01
3.658701544215376344e+01,-1.307121389370759390e+00,6.507503125624660711e-01,6.288560391459865340e-01
3.685057149918293362e+01,-1.384719275436302022e+00,3.821471694461969215e-01,5.596506246562411580e-01
3.685057149918293362e+01,-1.384719275436302022e+00,3.821471694461969215e-01,5.596506246562411580e-01
3.749977723518467343e+01,-1.060379532275220082e+00,4.981567320452304770e-01,-2.951216822975232246e-01
3.749977723518467343e+01,-1.060379532275220082e+00,4.981567320452304770e-01,-2.951216822975232246e-01
3.749977723518467343e+01,-1.060379532275220082e+00,4.981567320452304770e-01,-2.951216822975232246e-01
3.723524976552249655e+01,-1.181275597339493943e+00,3.383712244876598829e-01,-9.246662776847641707e-02
3.723524976552249655e+01,-1.181275597339493943e+00,3.383712244876598829e-01,-9.246662776847641707e-02
3.700228692105505957e+01,-1.473412145519494842e+00,2.958609859963571842e-01,7.305658756351129934e-01
3.654338098503497889e+01,-1.236995697732470534e+00,3.656341266852621841e-01,1.897427038779174735e-01
3.634126246107206981e+01,-1.190858689839046303e+00,2.629463820136927477e-01,7.908874682417146862e-02
3.609696199373340164e+01,-1.030221042643908014e+00,5.543187730298473337e-01,9.791503167456266921e-02
3.609696199373340164e+01,-1.030221042643908014e+00,5.543187730298473337e-01,9.791503167456266921e-02
3.637166627222465820e+01,-1.319920573083677162e+00,2.113692673164896396e-01,5.360617249796113537e-01
3.669834362760384749e+01,-1.053000484868118702e+00,2.592292067628150787e-01,-1.245283129694425561e-01
3.649084608564564292e+01,-1.144820880105402061e+00,2.531766874149460333e-01,-9.328691015252002505e-02
3.625444146219480501e+01,-1.124906967590847851e+00,3.581232761133174014e-01,9.778733315000565085e-03
3.659311221969718275e+01,-8.106758241838003531e-01,9.209266663337773995e-01,-3.815164734598524010e-01
3.770506649651205322e+01,-5.370191500003025364e-01,1.363697421150520617e+00,-7.857454855806786931e-01
3.770506649651205322e+01,-5.370191500003025364e-01,1.363697421150520617e+00,-7.857454855806786931e-01
3.770506649651205322e+01,-5.370191500003025364e-01,1.363697421150520617e+00,-7.857454855806786931e-01
3.689881655548007444e+01,-9.325502847468998269e-01,1.223639871680695101e+00,1.593409440422288714e-01
3.689881655548007444e+01,-9.325502847468998269e-01,1.223639871680695101e+00,1.593409440422288714e-01
3.689881655548007444e+01,-9.325502847468998269e-01,1.223639871680695101e+00,1.593409440422288714e-01
3.691987494899476729e+01,-8.387436864569136619e-01,1.330280264885572050e+00,3.178348001372841014e-02
3.672892739113547123e+01,-7.405937820320509513e-01,1.577455341373619424e+00,1.334524580088429779e-01
3.672892739113547123e+01,-7.405937820320509513e-01,1.577455341373619424e+00,1.334524580088429779e-01
3.672892739113547123e+01,-7.405937820320509513e-01,1.577455341373619424e+00,1.334524580088429779e-01
3.763699660944189418e+01,-9.024058804540768808e-01,1.557034534642211199e+00,4.119186418736831001e-01
3.727886372531893500e+01,-7.616051060608454160e-01,1.816891716818161973e+00,5.266278110601895213e-01
3.762597110739088180e+01,-1.054366949179567969e+00,1.625174078031375702e+00,1.104108291503401063e+00
3.762597110739088180e+01,-1.054366949179567969e+00,1.625174078031375702e+00,1.104108291503401063e+00
3.762597110739088180e+01,-1.054366949179567969e+00,1.625174078031375702e+00,1.104108291503401063e+00
3.801728580309436722e+01,-1.367206803503437929e+00,1.216555786289787999e+00,1.440731272809081531e+00
3.801728580309436722e+01,-1.367206803503437929e+00,1.216555786289787999e+00,1.440731272809081531e+00
3.706765187056662114e+01,-1.344086900453784539e+00,1.116394571249474499e+00,1.441722182175912748e+00
3.715748585596035980e+01,-9.694897197201196581e-01,1.563981960204153143e+00,1.043699196723040457e+00
3.631408616608941031e+01,-8.014892354900371441e-01,1.515596920552982230e+00,4.061979276854194021e-01
3.649036408645233109e+01,-7.159885497451166092e-01,1.579502989204564889e+00,2.977844145137988896e-01
3.649036408645233109e+01,-7.159885497451166092e-01,1.579502989204564889e+00,2.977844145137988896e-01
3.664229670900322589e+01,-5.441556146187918053e-01,1.536728225150677973e+00,-2.842572588377711984e-01
3.630953434355227216e+01,-6.830782992316472013e-01,1.380518991577722510e+00,-1.440481149566630314e-01
3.804739769266500105e+01,-3.309405339377265998e-01,2.082992658841561706e+00,-3.431606060855113549e-01
3.832943904380997679e+01,-2.144166504570235721e-01,2.095136333038639886e+00,-6.104978799883862273e-01
3.832943904380997679e+01,-2.144166504570235721e-01,2.095136333038639886e+00,-6.104978799883862273e-01
3.832943904380997679e+01,-2.144166504570235721e-01,2.095136333038639886e+00,-6.104978799883862273e-01
3.832943904380997679e+01,-2.144166504570235721e-01,2.095136333038639886e+00,-6.104978799883862273e-01
3.818079213921310355e+01,-2.541032617967727836e-01,1.911653142872672184e+00,-8.704216096112596945e-01
3.795737520128690790e+01,-3.183380077114583151e-01,1.523588545754563039e+00,-1.170086440929659188e+00
3.795781671936409651e+01,-4.933955532981092462e-01,1.379797880543457422e+00,-9.114560404429290497e-01
3.807903994763753275e+01,-6.786178217890852515e-01,1.061206557456764621e+00,-7.853435298799689157e-01
3.921956075530687258e+01,-8.948838980032017831e-01,6.608423608731677223e-01,-7.397170179571759263e-01
3.921956075530687258e+01,-8.948838980032017831e-01,6.608423608731677223e-01,-7.397170179571759263e-01
3.957660885487273106e+01,-7.365846198761735186e-01,8.901020889035239358e-01,-9.534309258467521531e-01
3.870760801133713613e+01,-9.373662324312848071e-01,8.583475950977659252e-01,-3.938051622913542049e-01
3.870760801133713613e+01,-9.373662324312848071e-01,8.583475950977659252e-01,-3.938051622913542049e-01
3.699090239741124009e+01,-7.374275090576631886e-01,1.135304018536820170e+00,-4.298444121292049891e-01
3.785551375892874404e+01,-8.053887320304503605e-01,6.747806943787887368e-01,-8.050560572632838863e-01
3.784197583894370354e+01,-7.835723348417704681e-01,8.378559590379340838e-01,-7.073455274516917690e-01
3.778931816484827522e+01,-6.859966305663006692e-01,8.395875897689489831e-01,-9.346229295046563079e-01
3.778931816484827522e+01,-6.859966305663006692e-01,8.395875897689489831e-01,-9.346229295046563079e-01
3.701340982849287542e+01,-8.734970978430913746e-01,4.168224962006302214e-01,-7.142997381213493924e-01
3.757684429823430605e+01,-1.095349029034592414e+00,2.239540288240828847e-01,-4.739816559262542972e-01
3.764166681827731509e+01,-1.076745643428309585e+00,1.177795232979696738e-01,-6.380984652174128691e-01
3.784846717631564417e+01,-1.252574877597715242e+00,-2.500959848237083172e-01,-5.609916897329024765e-01
3.729632802392232094e+01,-1.480853091801977328e+00,-6.351077841153796033e-01,-1.350736742536983170e-01
3.698081239783380170e+01,-1.395983490813266892e+00,-3.597221399147650933e-01,-4.188363174075816764e-02
3.698081239783380170e+01,-1.395983490813266892e+00,-3.597221399147650933e-01,-4.188363174075816764e-02
3.722249803121523826e+01,-1.554399994540472951e+00,-5.278458573994233571e-01,2.369143604531057656e-01
3.766378047458854184e+01,-1.764563827249337580e+00,-6.635689230883368150e-01,8.512353669096237585e-01
3.744694853086607367e+01,-1.565040684047216635e+00,-3.999902395562104362e-01,5.932844422932306294e-01
3.699445737580734317e+01,-1.507775993260975111e+00,-1.314452491505858078e-01,6.334849284289825189e-01
3.699445737580734317e+01,-1.507775993260975111e+00,-1.314452491505858078e-01,6.334849284289825189e-01
3.808603402050161435e+01,-1.811395272101548937e+00,-4.092007863966882764e-01,1.204160108297914977e+00
3.780837676033120687e+01,-1.731334567341312969e+00,-1.607144527474740903e-01,1.101591767570691882e+00
3.747728341000784980e+01,-1.678612175374900595e+00,-4.192906342433233013e-01,8.169120213336358294e-01
3.828044364038665037e+01,-1.923470896831591226e+00,-5.993856093604021940e-01,1.237813869440847814e+00
3.862098604301527160e+01,-2.048038952952143887e+00,-9.475098706341891219e-01,1.063322643102964982e+00
3.864853914660542245e+01,-2.095353691529776352e+00,-1.199245780118832538e+00,9.816633501320174426e-01
3.864853914660542245e+01,-2.095353691529776352e+00,-1.199245780118832538e+00,9.816633501320174426e-01
3.918632780486614564e+01,-2.062383187796979378e+00,-1.594718169541672559e+00,6.147582941622380392e-01
4.023878313131713469e+01,-2.101591993959922799e+00,-1.842913140844552711e+00,5.274093740204360836e-01
4.023878313131713469e+01,-2.101591993959922799e+00,-1.842913140844552711e+00,5.274093740204360836e-01
4.142022805651801320e+01,-2.315311634571190158e+00,-1.979013544463222640e+00,9.355204000648138507e-01
4.142022805651801320e+01,-2.315311634571190158e+00,-1.979013544463222640e+00,9.355204000648138507e-01
4.142022805651801320e+01,-2.315311634571190158e+00,-1.979013544463222640e+00,9.355204000648138507e-01
4.142022805651801320e+01,-2.315311634571190158e+00,-1.979013544463222640e+00,9.355204000648138507e-01
3.951533677525678456e+01,-2.149252087669660582e+00,-1.626616811126806672e+00,7.184049485059658124e-01
3.833565626444256935e+01,-1.827716405366371699e+00,-1.022012037535261042e+00,3.143861197510631200e-01
3.872258174320136703e+01,-1.964500776874978261e+00,-8.550695712914152535e-01,8.315048676568799202e-01
3.872258174320136703e+01,-1.964500776874978261e+00,-8.550695712914152535e-01,8.315048676568799202e-01
3.854614858097591679e+01,-2.020177127261869821e+00,-1.006689656131924959e+00,8.932355239680642711e-01
3.878013138937189552e+01,-1.986900855578449532e+00,-1.416840545087753256e+00,4.371316868712432635e-01
3.879132450249676367e+01,-1.984711832436949708e+00,-1.421794067842965470e+00,4.261231672919434388e-01
3.879132450249676367e+01,-1.984711832436949708e+00,-1.421794067842965470e+00,4.261231672919434388e-01
3.879132450249676367e+01,-1.984711832436949708e+00,-1.421794067842965470e+00,4.261231672919434388e-01
3.879132450249676367e+01,-1.984711832436949708e+00,-1.421794067842965470e+00,4.261231672919434388e-01
3.879132450249676367e+01,-1.984711832436949708e+00,-1.421794067842965470e+00,4.261231672919434388e-01
3.774860594302248984e+01,-1.627726553035066415e+00,-9.829536819850783758e-01,-6.472678364570405574e-02
3.875190521309895786e+01,-1.681204045777464851e+00,-9.718638918749088473e-01,-1.297692827088044454e-01
3.875190521309895786e+01,-1.681204045777464851e+00,-9.718638918749088473e-01,-1.297692827088044454e-01
3.814755822331406421e+01,-1.789265131631890826e+00,-1.208707555835005110e+00,1.501079141643372195e-01
3.814755822331406421e+01,-1.789265131631890826e+00,-1.208707555835005110e+00,1.501079141643372195e-01
3.842884445037697105e+01,-1.611621250155411467e+00,-1.184630456741644577e+00,-8.422683439331310473e-02
3.925361406068620340e+01,-1.917034091401836671e+00,-1.489039303731752417e+00,4.953909979117796514e-01
3.917524423853194548e+01,-1.762778728343123547e+00,-1.410641576182035672e+00,1.647169052545546242e-01
3.917524423853194548e+01,-1.762778728343123547e+00,-1.410641576182035672e+00,1.647169052545546242e-01
3.917524423853194548e+01,-1.762778728343123547e+00,-1.410641576182035672e+00,1.647169052545546242e-01
3.847776719878442009e+01,-1.718323826201499704e+00,-1.352338197478347048e+00,-4.828787007535617626e-02
3.847776719878442009e+01,-1.718323826201499704e+00,-1.352338197478347048e+00,-4.828787007535617626e-02
3.835328083692753154e+01,-1.811099425463930768e+00,-1.276985122933401051e+00,3.368974021589959400e-01
3.835328083692753154e+01,-1.811099425463930768e+00,-1.276985122933401051e+00,3.368974021589959400e-01
3.835328083692753154e+01,-1.811099425463930768e+00,-1.276985122933401051e+00,3.368974021589959400e-01
3.835328083692753154e+01,-1.811099425463930768e+00,-1.276985122933401051e+00,3.368974021589959400e-01
4.088109165968056402e+01,-2.220559012538489529e+00,-1.912267019883335362e+00,7.965825074091286151e-01
3.970960632777115507e+01,-2.050559595611819663e+00,-1.604878298948199111e+00,7.402188021106246296e-01
3.939363032406772902e+01,-1.899181401527787028e+00,-1.397484292820363461e+00,6.118637849139912932e-01
3.773871417574746090e+01,-1.815223200222034983e+00,-9.617269118388575011e-01,6.657046227468046418e-01
3.783416887301147824e+01,-1.665617264668053599e+00,-1.057216850671498065e+00,-1.049825280250826776e-02
3.826038265163965946e+01,-1.789866687920589117e+00,-1.240115305208561614e+00,9.934939224399821911e-02
3.877978826842487337e+01,-1.966222810410581223e+00,-1.494600949490856756e+00,4.175554281862864370e-01
3.859151118654717294e+01,-1.844570406352378233e+00,-1.201324696075436904e+00,6.164827399504841932e-01
3.879202534140770098e+01,-2.023769308274765422e+00,-1.094256960016955160e+00,1.192765926899356010e+00
3.989961161951801927e+01,-2.110214748321069145e+00,-7.709947228837619182e-01,1.692476520249404759e+00
3.754588688953405295e+01,-1.761071003563328130e+00,-5.651214743669679130e-01,8.449087498632447124e-01
3.754588688953405295e+01,-1.761071003563328130e+00,-5.651214743669679130e-01,8.449087498632447124e-01
3.754588688953405295e+01,-1.761071003563328130e+00,-5.651214743669679130e-01,8.449087498632447124e-01
3.836237088926844052e+01,-1.901657144027632418e+00,-4.997868326723978183e-01,1.252179445391522927e+00
3.887172772268503707e+01,-1.902708549194797039e+00,-1.028868261032652276e+00,1.020501847185520949e+00
3.827724698800117409e+01,-1.458022889685853363e+00,-2.161483905422766361e-01,6.755823397869999969e-01
3.747473658721513345e+01,-1.528666922652596849e+00,-3.370985253314028318e-01,5.840108788391372707e-01
3.747473658721513345e+01,-1.528666922652596849e+00,-3.370985253314028318e-01,5.840108788391372707e-01
3.702221179477182744e+01,-1.360519239179209361e+00,-2.603448114657426760e-01,-9.316778463064467886e-02
3.675765592502334300e+01,-1.326592405760914195e+00,7.136417317154108986e-02,1.729352967515629946e-01
3.603208565671344843e+01,-1.270224195858175031e+00,4.255589905301402354e-01,4.565497381384135966e-01
3.603208565671344843e+01,-1.270224195858175031e+00,4.255589905301402354e-01,4.565497381384135966e-01
3.598967959453372600e+01,-1.353006459754464652e+00,5.330246150260001814e-01,8.177150176549607963e-01
3.634267439191566496e+01,-1.279400160491092731e+00,4.441199586994283854e-01,4.035678513450844385e-01
3.607018924461027609e+01,-1.279277318533128982e+00,6.717702332502383245e-01,6.700682214793181046e-01
3.603786766276699893e+01,-1.308776978526935642e+00,4.838137208899654373e-01,6.011624237759768397e-01
3.647283851213711614e+01,-1.447104280369347684e+00,2.756365386121041317e-01,7.567519043112724830e-01
3.647283851213711614e+01,-1.447104280369347684e+00,2.756365386121041317e-01,7.567519043112724830e-01
3.647283851213711614e+01,-1.447104280369347684e+00,2.756365386121041317e-01,7.567519043112724830e-01
3.581653513817549594e+01,-1.137310184924243517e+00,6.232403641577199949e-01,4.733923551669627083e-01
3.615543345379555262e+01,-1.317110125416467659e+00,6.729957435397037058e-01,1.069370799254900417e+00
3.590276279649119573e+01,-1.290075061039349880e+00,6.445741575422879732e-01,9.119709414361162336e-01
3.710886132789582348e+01,-1.587717482909080324e+00,4.609128577479972844e-01,1.365695254766154054e+00
3.760519249385330198e+01,-1.668954354325491440e+00,3.292669560574762455e-01,1.545786229578288040e+00
3.760519249385330198e+01,-1.668954354325491440e+00,3.292669560574762455e-01,1.545786229578288040e+00
3.763497420898671209e+01,-1.618799414031584449e+00,4.526599615014010869e-01,1.639000780528988788e+00
3.636894786084665299e+01,-1.433011452795380336e+00,6.525971154914051997e-01,1.153841004370185219e+00
3.636894786084665299e+01,-1.433011452795380336e+00,6.525971154914051997e-01,1.153841004370185219e+00
3.636894786084665299e+01,-1.433011452795380336e+00,6.525971154914051997e-01,1.153841004370185219e+00
3.636894786084665299e+01,-1.433011452795380336e+00,6.525971154914051997e-01,1.153841004370185219e+00
3.677693882354322596e+01,-1.077510885606927316e+00,1.407255218734969393e+00,9.205847488261845735e-01
3.677693882354322596e+01,-1.077510885606927316e+00,1.407255218734969393e+00,9.205847488261845735e-01
3.765035402694029187e+01,-9.847151233620146105e-01,1.605326059993762433e+00,7.577841927339995509e-01
3.675195607222845240e+01,-1.135107590055000726e+00,1.336776119617870684e+00,1.009310920328445382e+00
3.675195607222845240e+01,-1.135107590055000726e+00,1.336776119617870684e+00,1.009310920328445382e+00
3.686260293005454969e+01,-1.231392843798909453e+00,1.254755493122828192e+00,1.245196231964416089e+00
3.661022748606239219e+01,-8.111690608721346951e-01,1.609779443715877667e+00,4.625212906462231599e-01
3.675223221543723895e+01,-8.614342226684519321e-01,1.574029214111610564e+00,7.303705588895805789e-01
3.711250689779207335e+01,-7.274493440192753013e-01,1.731723520331306609e+00,5.523742922128220822e-01
3.749905961702354773e+01,-8.011030774362570828e-01,1.791387278077707146e+00,8.030251610162451037e-01
3.749905961702354773e+01,-8.011030774362570828e-01,1.791387278077707146e+00,8.030251610162451037e-01
3.738790659929065896e+01,-5.432409667741573411e-01,1.803026817925927006e+00,1.614621291165689865e-01
3.593241434799377743e+01,-8.567716910823293119e-01,1.292934159722973320e+00,3.310277807575283116e-01
3.718523103465693680e+01,-1.108030449434873610e+00,1.491405451966100415e+00,1.185294290141707396e+00
3.718523103465693680e+01,-1.108030449434873610e+00,1.491405451966100415e+00,1.185294290141707396e+00
3.809981126190657363e+01,-1.550311587966066273e+00,9.035954515892409278e-01,1.729089814727843955e+00
3.657239044938120287e+01,-1.287645296962119490e+00,1.044931355882737778e+00,1.103304415936965377e+00
3.665888445987809519e+01,-1.525213111340767425e+00,4.052633102506222329e-01,1.134237293977387040e+00
3.638691745432812752e+01,-1.291146257817364695e+00,4.264780500809300934e-01,4.128879445405382320e-01
3.638691745432812752e+01,-1.291146257817364695e+00,4.264780500809300934e-01,4.128879445405382320e-01
3.647550738115412372e+01,-1.252021262163982573e+00,4.399251312329416352e-01,2.989694336890754700e-01
3.614030318999758151e+01,-1.024981186991431592e+00,7.717598611047745694e-01,6.221562983629042032e-02
3.612415444648684115e+01,-1.013111262849956340e+00,6.396225354886481140e-01,-4.950847123051496657e-02
3.612415444648684115e+01,-1.013111262849956340e+00,6.396225354886481140e-01,-4.950847123051496657e-02
3.612572406526166446e+01,-8.955283238163570525e-01,8.015065982715390280e-01,-1.726640848059596278e-01
3.612572406526166446e+01,-8.955283238163570525e-01,8.015065982715390280e-01,-1.726640848059596278e-01
3.625746851140795712e+01,-6.878194176173175745e-01,1.178625173317577435e+00,-2.555147644051882772e-01
3.633367599385022828e+01,-9.661666688783534518e-01,7.801104429977273602e-01,-1.055664002245578492e-01
3.583141731794167839e+01,-9.311997928797327573e-01,9.996965975921818792e-01,1.339535655894619481e-01
3.610790206157339810e+01,-1.240275202094826223e+00,6.100080475751658016e-01,4.842633944325342998e-01
3.630167158810469630e+01,-1.079339166173567621e+00,9.872996971913541309e-01,3.818039315800283440e-01
3.658532257786370678e+01,-1.223740724833407123e+00,9.431694076551532246e-01,7.098902730506613246e-01
3.688190899123838307e+01,-1.001657243171392153e+00,1.226705901298839496e+00,3.580957044463434213e-01
3.774739607663837404e+01,-7.088792307226079448e-01,1.776766736745215569e+00,1.521376119788576398e-01
3.819618299654445082e+01,-8.053534980531185106e-01,1.790346169846414925e+00,3.964487543440026185e-01
3.819618299654445082e+01,-8.053534980531185106e-01,1.790346169846414925e+00,3.964487543440026185e-01
3.711841886549375857e+01,-9.895488136076999730e-01,1.601640786166678154e+00,1.014346689072725738e+00
3.711841886549375857e+01,-9.895488136076999730e-01,1.601640786166678154e+00,1.014346689072725738e+00
3.670748142872785991e+01,-8.288775350988797364e-01,1.515325259899888755e+00,6.334275043038792852e-01
3.761042413580512545e+01,-6.490134614257885293e-01,1.932716271588519996e+00,5.091586195276918136e-01
3.761042413580512545e+01,-6.490134614257885293e-01,1.932716271588519996e+00,5.091586195276918136e-01
3.761042413580512545e+01,-6.490134614257885293e-01,1.932716271588519996e+00,5.091586195276918136e-01
3.761042413580512545e+01,-6.490134614257885293e-01,1.932716271588519996e+00,5.091586195276918136e-01
3.755662245096943508e+01,-6.691336311538449433e-01,1.916769344449619439e+00,5.356134455260118665e-01
3.755662245096943508e+01,-6.691336311538449433e-01,1.916769344449619439e+00,5.356134455260118665e-01
3.755662245096943508e+01,-6.691336311538449433e-01,1.916769344449619439e+00,5.356134455260118665e-01
3.610676043253598522e+01,-7.942636167250715085e-01,1.235370717649215466e+00,2.005162154300134114e-01
3.573040492181328176e+01,-1.104759767642231161e+00,8.991646983767889179e-01,6.756808598801242738e-01
3.683999551217340240e+01,-1.103432227728303738e+00,7.668303452589247948e-01,7.518559791334504805e-01
3.582207328715873729e+01,-1.165640442327451121e+00,5.503551891773639237e-01,4.349894822350672818e-01
3.695896604760866921e+01,-1.417438072742864374e+00,5.677691375715149258e-02,3.737583195915278877e-01
3.868236222478956421e+01,-1.512638341382167795e+00,2.032172482133769165e-02,3.672626546152324978e-01
3.868236222478956421e+01,-1.512638341382167795e+00,2.032172482133769165e-02,3.672626546152324978e-01
3.868236222478956421e+01,-1.512638341382167795e+00,2.032172482133769165e-02,3.672626546152324978e-01
3.821897294323999716e+01,-1.688673711933571742e+00,-3.174738439202018370e-01,6.329617750591178815e-01
3.766384775301339971e+01,-1.723527884636081087e+00,-7.709693858307762326e-01,3.729975588687322596e-01
3.709127933695005908e+01,-1.462956732277255867e+00,-3.889265006415588699e-01,1.004422829088798541e-01
3.698983383792339907e+01,-1.144806508124004196e+00,-1.614574327487891259e-01,-5.825615284953156170e-01
3.693067187215127234e+01,-1.295144155535735475e+00,-1.606596883256554420e-01,-1.664533863792515000e-01
3.708065173297484307e+01,-1.026755765298755119e+00,5.298348799435335099e-01,-2.934799298123267342e-01
3.771455307538017365e+01,-9.842612658447140728e-01,2.822757372109352403e-03,-9.945793119225472267e-01
3.805166232740574372e+01,-1.209334709532299934e+00,2.984905428231516417e-02,-4.260560447220418379e-01
3.844070433607352300e+01,-1.224564021545777370e+00,7.256696463984446677e-02,-3.848262529968846657e-01
3.767328098096342615e+01,-1.293857349529943246e+00,4.427017020526411994e-01,2.479865105618318522e-01
3.656457011619004049e+01,-1.202990037342369423e+00,5.342174810164723731e-01,2.302075693146020396e-01
3.656457011619004049e+01,-1.202990037342369423e+00,5.342174810164723731e-01,2.302075693146020396e-01
3.656457011619004049e+01,-1.202990037342369423e+00,5.342174810164723731e-01,2.302075693146020396e-01
3.607251803565952741e+01,-1.133113739640224660e+00,9.921091420745868916e-01,5.922110481152172978e-01
3.580126629109781078e+01,-1.104118737679810724e+00,9.115118704983610209e-01,4.827569574210634484e-01
3.580126629109781078e+01,-1.104118737679810724e+00,9.115118704983610209e-01,4.827569574210634484e-01
3.589988144399151793e+01,-1.197440349934599801e+00,9.685145917599928822e-01,8.414542807161441429e-01
3.594963598981785680e+01,-1.090637012899234204e+00,1.160380848739650084e+00,7.816321739645897271e-01
3.611131073703707273e+01,-1.035736389912456756e+00,1.039886895815102630e+00,3.587263066581695137e-01
3.611131073703707273e+01,-1.035736389912456756e+00,1.039886895815102630e+00,3.587263066581695137e-01
3.611131073703707273e+01,-1.035736389912456756e+00,1.039886895815102630e+00,3.587263066581695137e-01
3.671516159694292014e+01,-7.543903602407688869e-01,1.556290582933470112e+00,1.418253173916385057e-01
3.718258928916971229e+01,-6.808847678809060167e-01,1.439609423857854509e+00,-2.805083740480414090e-01
3.759793039264754810e+01,-6.877905998835485146e-01,8.980588730564793565e-01,-8.497057561957936933e-01
3.759793039264754810e+01,-6.877905998835485146e-01,8.980588730564793565e-01,-8.497057561957936933e-01
3.759793039264754810e+01,-6.877905998835485146e-01,8.980588730564793565e-01,-8.497057561957936933e-01
3.808118224523282436e+01,-3.110224470492774507e-01,1.064735288969717475e+00,-1.649768040231692545e+00
3.808118224523282436e+01,-3.110224470492774507e-01,1.064735288969717475e+00,-1.649768040231692545e+00
3.808118224523282436e+01,-3.110224470492774507e-01,1.064735288969717475e+00,-1.649768040231692545e+00
3.808118224523282436e+01,-3.110224470492774507e-01,1.064735288969717475e+00,-1.649768040231692545e+00
3.808118224523282436e+01,-3.110224470492774507e-01,1.064735288969717475e+00,-1.649768040231692545e+00
3.757160226055943042e+01,-3.854837407249543380e-01,1.138922286818503160e+00,-1.315982486898037429e+00
3.757160226055943042e+01,-3.854837407249543380e-01,1.138922286818503160e+00,-1.315982486898037429e+00
3.845401814462538681e+01,-4.348080179551548352e-01,1.453996428447355882e+00,-1.041483908850911355e+00
4.017278033831738071e+01,-3.389472231345235786e-01,2.119195376174921819e+00,-6.571359030531893630e-01
4.017278033831738071e+01,-3.389472231345235786e-01,2.119195376174921819e+00,-6.571359030531893630e-01
4.017278033831738071e+01,-3.389472231345235786e-01,2.119195376174921819e+00,-6.571359030531893630e-01
4.017278033831738071e+01,-3.389472231345235786e-01,2.119195376174921819e+00,-6.571359030531893630e-01
3.939955593039908877e+01,-5.052884115484841399e-01,2.144107265901104231e+00,-8.966532917271063940e-02
3.909854980631646271e+01,-5.269253018517575660e-01,2.008237319903362739e+00,-1.962196414676145584e-01
3.909854980631646271e+01,-5.269253018517575660e-01,2.008237319903362739e+00,-1.962196414676145584e-01
3.909854980631646271e+01,-5.269253018517575660e-01,2.008237319903362739e+00,-1.962196414676145584e-01
3.909854980631646271e+01,-5.269253018517575660e-01,2.008237319903362739e+00,-1.962196414676145584e-01
3.909854980631646271e+01,-5.269253018517575660e-01,2.008237319903362739e+00,-1.962196414676145584e-01
3.877794809112987195e+01,-5.654045155433974346e-01,2.093561168980071496e+00,8.660166556967863194e-02
3.877794809112987195e+01,-5.654045155433974346e-01,2.093561168980071496e+00,8.660166556967863194e-02
3.917852527892114267e+01,-3.089349794842001784e-01,2.336592515279662940e+00,4.205099430205350847e-02
3.849524549055318090e+01,-4.713792244898220574e-01,2.217888559873836929e+00,2.953969291440338152e-01
3.849524549055318090e+01,-4.713792244898220574e-01,2.217888559873836929e+00,2.953969291440338152e-01
3.888304168789228754e+01,-9.214628818248764563e-01,1.970572273611826075e+00,1.180732556971478608e+00
3.893528284574203724e+01,-6.428137180380555371e-01,2.175412959383433265e+00,4.718668136798439550e-01
3.893528284574203724e+01,-6.428137180380555371e-01,2.175412959383433265e+00,4.718668136798439550e-01
4.013323338878021929e+01,-7.454037881300389357e-01,2.301459861342172175e+00,1.014995967075104089e+00
4.014503397593139766e+01,-8.468928323085241905e-01,2.207056105639097154e+00,1.166717607838667625e+00
4.014503397593139766e+01,-8.468928323085241905e-01,2.207056105639097154e+00,1.166717607838667625e+00
3.998668107723547394e+01,-8.568667212043460379e-01,2.179326212816631969e+00,1.193349420628349256e+00
3.998668107723547394e+01,-8.568667212043460379e-01,2.179326212816631969e+00,1.193349420628349256e+00
3.998668107723547394e+01,-8.568667212043460379e-01,2.179326212816631969e+00,1.193349420628349256e+00
4.050808800442847968e+01,-9.340060200431177240e-01,2.154494220926848058e+00,1.290266517418060310e+00
3.833394782396663203e+01,-8.627467596623186186e-01,1.805667235585243002e+00,5.884084736154276962e-01
3.765586410004927842e+01,-8.170245385675889427e-01,1.572600929794333302e+00,1.797745792020627453e-01
3.765586410004927842e+01,-8.170245385675889427e-01,1.572600929794333302e+00,1.797745792020627453e-01
3.871461456376139409e+01,-8.753327233795077378e-01,1.038968096360945559e+00,-3.761757633538173051e-01
3.871461456376139409e+01,-8.753327233795077378e-01,1.038968096360945559e+00,-3.761757633538173051e-01
4.119206066193930127e+01,-8.871860778667208791e-01,9.901116039358728305e-01,-5.794444462957993869e-01
4.119206066193930127e+01,-8.871860778667208791e-01,9.901116039358728305e-01,-5.794444462957993869e-01
4.119206066193930127e+01,-8.871860778667208791e-01,9.901116039358728305e-01,-5.794444462957993869e-01
3.977427174685197997e+01,-9.356899694101450393e-01,1.300458782842844441e+00,-2.578583782763665955e-02
3.977427174685197997e+01,-9.356899694101450393e-01,1.300458782842844441e+00,-2.578583782763665955e-02
3.810809985163209745e+01,-8.259709939124979527e-01,1.491507166781898208e+00,4.571847718045272957e-02
3.810809985163209745e+01,-8.259709939124979527e-01,1.491507166781898208e+00,4.571847718045272957e-02
3.728892854483743946e+01,-8.418558086880580937e-01,1.269318887098559667e+00,-7.929791099322010262e-02
3.733627979003099284e+01,-4.489271455313629811e-01,1.640690410163558210e+00,-6.146383198976229645e-01
3.664309967067447360e+01,-5.443290617568038448e-01,1.539284864994302282e+00,-2.792690163629433231e-01
3.754311809834669589e+01,-2.900133709628591738e-01,1.742328094277616479e+00,-8.283246084461236558e-01
3.867675231221637944e+01,-5.859030261129583028e-02,1.651256489960293727e+00,-1.418854158434479595e+00
3.867675231221637944e+01,-5.859030261129583028e-02,1.651256489960293727e+00,-1.418854158434479595e+00
3.867675231221637944e+01,-5.859030261129583028e-02,1.651256489960293727e+00,-1.418854158434479595e+00
3.828674054076508071e+01,-1.717665502889249296e-01,1.843753904524636500e+00,-8.639983119981214932e-01
3.807806467749271206e+01,-1.555114832982239792e-01,1.646942733167410022e+00,-1.183168214706690868e+00
3.807806467749271206e+01,-1.555114832982239792e-01,1.646942733167410022e+00,-1.183168214706690868e+00
3.788839972732394301e+01,-2.607086880828485276e-01,1.485182872889888372e+00,-9.839862190999562053e-01
3.695348226095074295e+01,-5.091398335852952428e-01,1.646512654202020753e+00,-1.610653967477675419e-01
3.695348226095074295e+01,-5.091398335852952428e-01,1.646512654202020753e+00,-1.610653967477675419e-01
3.695348226095074295e+01,-5.091398335852952428e-01,1.646512654202020753e+00,-1.610653967477675419e-01
3.774660734654808891e+01,-3.196883719087618703e-01,1.787842607647070370e+00,-5.050535690702488978e-01
3.691687803673181634e+01,-5.093115449135324768e-01,1.624098720985451161e+00,-1.900245643271542551e-01
3.756700116909777165e+01,-4.551482580361853048e-01,1.723770696107000955e+00,-1.306309073076713512e-01
3.701677706466846018e+01,-6.333431335647057292e-01,1.773891728732333695e+00,2.994277240148278119e-01
3.863553535726001797e+01,-8.153016820414545895e-01,2.027347444832982237e+00,9.863545659828600876e-01
3.863553535726001797e+01,-8.153016820414545895e-01,2.027347444832982237e+00,9.863545659828600876e-01
3.863553535726001797e+01,-8.153016820414545895e-01,2.027347444832982237e+00,9.863545659828600876e-01
3.863553535726001797e+01,-8.153016820414545895e-01,2.027347444832982237e+00,9.863545659828600876e-01
3.825764305495152229e+01,-6.127060012829361746e-01,2.123295468771071004e+00,5.133451664259767178e-01
3.825764305495152229e+01,-6.127060012829361746e-01,2.123295468771071004e+00,5.133451664259767178e-01
3.817832945502505737e+01,-3.321206370074108460e-01,2.130194495413458622e+00,-2.104558954366770873e-01
3.817832945502505737e+01,-3.321206370074108460e-01,2.130194495413458622e+00,-2.104558954366770873e-01
3.817832945502505737e+01,-3.321206370074108460e-01,2.130194495413458622e+00,-2.104558954366770873e-01
3.828403662758392301e+01,-3.139287452619055063e-01,2.151085251989734992e+00,-2.309683370913994116e-01
3.828403662758392301e+01,-3.139287452619055063e-01,2.151085251989734992e+00,-2.309683370913994116e-01
3.860497285940411416e+01,-2.000351343183937036e-01,2.002594526482718962e+00,-9.470569308687403209e-01
3.734636184114115309e+01,-5.215332974865100057e-01,1.770919329957030719e+00,-2.777397396225921300e-01
3.705179693223451665e+01,-5.045062776131669091e-01,1.789015819541826424e+00,-8.575046040022238358e-02
3.676162032321384743e+01,-6.126587087746573346e-01,1.715324746547124857e+00,1.187939714530201474e-01
3.579055503305816899e+01,-8.876600002777113030e-01,1.069501890286325807e+00,1.558031027376950151e-01
3.579567457252466767e+01,-9.358638096800601103e-01,1.128533253729536945e+00,3.043807758830315846e-01
3.594024867749248386e+01,-9.082783289544414940e-01,1.259130821797325606e+00,4.884002706303839925e-01
3.594024867749248386e+01,-9.082783289544414940e-01,1.259130821797325606e+00,4.884002706303839925e-01
3.679921153472969308e+01,-7.996501830475226669e-01,1.534769264244219666e+00,5.899925713229838831e-01
3.712422218875586566e+01,-6.109413394813154596e-01,1.779048309195013555e+00,2.764861054129253981e-01
3.618987988594437155e+01,-7.713152994138604557e-01,1.248384488294899342e+00,1.642773197560100096e-01
3.629634308221092454e+01,-7.535656290301205873e-01,1.480834226490588712e+00,2.989192150251874791e-01
3.622176992590462419e+01,-8.991070313415311377e-01,1.431389599417951075e+00,5.935042239118679674e-01
3.622176992590462419e+01,-8.991070313415311377e-01,1.431389599417951075e+00,5.935042239118679674e-01
3.622176992590462419e+01,-8.991070313415311377e-01,1.431389599417951075e+00,5.935042239118679674e-01
3.622176992590462419e+01,-8.991070313415311377e-01,1.431389599417951075e+00,5.935042239118679674e-01
3.722121833887833020e+01,-1.049561093484381757e+00,1.454413682874114100e+00,7.915762273349183920e-01
3.760931276009347357e+01,-7.539067207248143498e-01,1.768978066875229516e+00,2.977194658487359313e-01
3.760931276009347357e+01,-7.539067207248143498e-01,1.768978066875229516e+00,2.977194658487359313e-01
3.719448822242980413e+01,-7.856677331888101135e-01,1.630488205315077543e+00,2.446740093442915098e-01
3.626102090685666468e+01,-7.841227351484012509e-01,1.495755548999498474e+00,3.109822167854748853e-01
3.584749590493230187e+01,-9.119203650801991357e-01,1.228397931027781720e+00,4.155140377761306070e-01
3.584749590493230187e+01,-9.119203650801991357e-01,1.228397931027781720e+00,4.155140377761306070e-01
3.563955116091322139e+01,-1.121471147139228242e+00,7.663232929497018064e-01,5.194017505674981550e-01
3.565120774144386218e+01,-1.131379647162662705e+00,9.024127189043535946e-01,6.597757251743397999e-01
3.585544028564962815e+01,-1.223975571541080054e+00,5.700607687847072391e-01,6.584008829476585278e-01
3.585544028564962815e+01,-1.223975571541080054e+00,5.700607687847072391e-01,6.584008829476585278e-01
3.752250217405023847e+01,-1.458442333938271718e+00,1.140322781628741455e-01,9.955416943515866812e-01
3.815420060063866003e+01,-1.630068180197061567e+00,-1.804058098921850206e-01,1.124128935139703689e+00
3.831012971983894033e+01,-1.605314668877367401e+00,-1.036290900979042889e-01,1.177984167504817714e+00
3.926093136685429386e+01,-1.690396979038794045e+00,-1.736382559999229969e-01,1.394938995232021250e+00
3.926093136685429386e+01,-1.690396979038794045e+00,-1.736382559999229969e-01,1.394938995232021250e+00
3.814835222528319747e+01,-1.695945716942760084e+00,-7.428271400782476830e-03,1.429063473157083264e+00
3.814835222528319747e+01,-1.695945716942760084e+00,-7.428271400782476830e-03,1.429063473157083264e+00
3.761545744589508899e+01,-1.664664127200868426e+00,2.493238607955288594e-02,1.304476911377433046e+00
3.761545744589508899e+01,-1.664664127200868426e+00,2.493238607955288594e-02,1.304476911377433046e+00
3.770711742510145115e+01,-1.593342267064441042e+00,3.130269160520092186e-01,1.517537932214048091e+00
3.787642603763627847e+01,-1.714514799340749018e+00,1.524522499321689928e-02,1.404359524928231906e+00
3.821880695589439370e+01,-1.668901814480391543e+00,2.303113667431533618e-01,1.632422151651230502e+00
3.821880695589439370e+01,-1.668901814480391543e+00,2.303113667431533618e-01,1.632422151651230502e+00
3.918495922612690663e+01,-1.699092609501749118e+00,2.137483226753147947e-02,1.604421412286231918e+00
3.918495922612690663e+01,-1.699092609501749118e+00,2.137483226753147947e-02,1.604421412286231918e+00
3.827535496071166676e+01,-1.628434416952876163e+00,1.362176426907333315e-01,1.484519013933947473e+00
3.827535496071166676e+01,-1.628434416952876163e+00,1.362176426907333315e-01,1.484519013933947473e+00
3.759354418814726273e+01,-1.487535671585211494e+00,4.242936985996402788e-01,1.416449808219639506e+00
3.775845038065497050e+01,-1.259930826017603200e+00,6.249571801409373739e-01,1.111793539426392918e+00
3.775845038065497050e+01,-1.259930826017603200e+00,6.249571801409373739e-01,1.111793539426392918e+00
3.774746915467503072e+01,-1.179557782417879785e+00,3.328481296303614778e-01,5.505748932902535531e-01
3.774746915467503072e+01,-1.179557782417879785e+00,3.328481296303614778e-01,5.505748932902535531e-01
3.710720625151137142e+01,-1.028823837508072048e+00,3.684173033977339307e-01,5.521919836773581114e-02
3.710720625151137142e+01,-1.028823837508072048e+00,3.684173033977339307e-01,5.521919836773581114e-02
3.734378142336215944e+01,-1.153880129164545520e+00,1.962006640508655309e-01,2.393253510426318342e-01
3.717861071496565728e+01,-1.324352107936403566e+00,-9.252115157982734872e-02,3.021087422973954273e-01
3.703104004176807251e+01,-1.372139988399950328e+00,-1.628988735086581985e-01,2.946169284736516736e-01
3.835844770800579795e+01,-1.466071596180813952e+00,-4.647327233500900823e-01,4.167827663678874694e-01
3.835844770800579795e+01,-1.466071596180813952e+00,-4.647327233500900823e-01,4.167827663678874694e-01
3.835844770800579795e+01,-1.466071596180813952e+00,-4.647327233500900823e-01,4.167827663678874694e-01
3.835844770800579795e+01,-1.466071596180813952e+00,-4.647327233500900823e-01,4.167827663678874694e-01
3.973973757659532424e+01,-1.451535217944419642e+00,-4.677526756270370956e-01,5.127302349098339374e-01
3.973973757659532424e+01,-1.451535217944419642e+00,-4.677526756270370956e-01,5.127302349098339374e-01
4.003917420735912458e+01,-1.196169296456065068e+00,-6.104918215688220906e-02,2.998201630380677996e-01
3.901810935932862634e+01,-1.213124490372859965e+00,-4.212464932364824721e-02,2.879567367208399342e-01
3.799125630642699036e+01,-1.204459679620459189e+00,-8.033214837398235109e-02,1.070159831191220268e-01
3.830877158757071754e+01,-1.294530304982316027e+00,-3.729153871490094585e-01,4.506898272146280665e-02
4.106209093678936028e+01,-1.189426742446084040e+00,-3.068105893310301147e-01,5.870372789546554615e-02
4.106209093678936028e+01,-1.189426742446084040e+00,-3.068105893310301147e-01,5.870372789546554615e-02
4.106209093678936028e+01,-1.189426742446084040e+00,-3.068105893310301147e-01,5.870372789546554615e-02
4.106209093678936028e+01,-1.189426742446084040e+00,-3.068105893310301147e-01,5.870372789546554615e-02
4.114514961817997118e+01,-9.890702717210558825e-01,-1.280401281337203712e-01,-3.108027446107531899e-01
4.053892234198300315e+01,-9.763166255089867906e-01,-9.867616046609904712e-02,-3.567031500248794007e-01
4.017981018962179007e+01,-1.178106705744140781e+00,-2.568023509499257617e-01,2.286762069724146418e-02
3.920516085778717752e+01,-1.490401584094017462e+00,-7.830258354799926046e-01,2.097842486418377561e-01
3.833484431117298641e+01,-1.621743816610917932e+00,-1.145572114664929364e+00,-1.343530936103695672e-02
3.833484431117298641e+01,-1.621743816610917932e+00,-1.145572114664929364e+00,-1.343530936103695672e-02
3.833484431117298641e+01,-1.621743816610917932e+00,-1.145572114664929364e+00,-1.343530936103695672e-02
3.728929395297603833e+01,-1.458359922099818906e+00,-5.148972211686667633e-01,-1.110897048057171571e-01
3.757544439035882533e+01,-1.198395169069206734e+00,-6.027480145738030037e-01,-8.739882098728549709e-01
3.726964622867632215e+01,-1.298289817552268799e+00,-2.265831935198240332e-01,-3.115649233734709700e-01
3.727138976803235693e+01,-1.238411452464507567e+00,-4.460479343813908981e-01,-6.412106363577644297e-01
3.727138976803235693e+01,-1.238411452464507567e+00,-4.460479343813908981e-01,-6.412106363577644297e-01
3.727138976803235693e+01,-1.238411452464507567e+00,-4.460479343813908981e-01,-6.412106363577644297e-01
3.743981857723280626e+01,-1.124348908128991908e+00,-4.193735786869500770e-01,-9.327431990258259198e-01
3.733571091864043012e+01,-8.886012712862080276e-01,6.793841702314007414e-02,-1.056843110909660988e+00
3.767750728204974564e+01,-8.831738253974035224e-01,-2.770022159663531047e-01,-1.406973732369503738e+00
3.762748168528216297e+01,-9.229776455275231495e-01,-3.035300599956175516e-01,-1.198541662934828222e+00
3.760580886414656021e+01,-9.004063326539516465e-01,-1.814347828586007627e-01,-1.310655708998670121e+00
3.780649241978971986e+01,-6.732724094318703889e-01,1.911626013293523663e-01,-1.447887540361621372e+00
3.780649241978971986e+01,-6.732724094318703889e-01,1.911626013293523663e-01,-1.447887540361621372e+00
3.768824911766191832e+01,-1.037888146558286095e+00,-4.283326762815988786e-01,-9.499531363237623260e-01
3.839008261247494858e+01,-9.864658846390104152e-01,-5.712453204105771842e-01,-1.195959913113293860e+00
3.839008261247494858e+01,-9.864658846390104152e-01,-5.712453204105771842e-01,-1.195959913113293860e+00
3.792679631276443786e+01,-7.706119512328015730e-01,-3.392447812307075594e-04,-1.211588364075472768e+00
3.731060288740001596e+01,-4.433955909465434053e-01,1.012135308417804191e+00,-1.146194640044342128e+00
3.704318399270542983e+01,-7.080527357815105116e-01,6.367439590162267127e-01,-7.821064864534112981e-01
3.684326530474329786e+01,-5.964903127274558958e-01,9.916458617590503399e-01,-7.480514160634171850e-01
3.684326530474329786e+01,-5.964903127274558958e-01,9.916458617590503399e-01,-7.480514160634171850e-01
3.699259025365412157e+01,-6.272334474918545011e-01,8.598352283124781614e-01,-7.198764121064649135e-01
3.649871707233447893e+01,-8.728549867413889496e-01,6.171298667419510275e-01,-2.690357812213827748e-01
3.646148216564426292e+01,-7.960707438037540884e-01,8.413804661517493289e-01,-1.989762879475310831e-01
3.780940907139456186e+01,-5.879323542460951346e-01,1.028185494648184983e+00,-4.245110343312156198e-01
3.780940907139456186e+01,-5.879323542460951346e-01,1.028185494648184983e+00,-4.245110343312156198e-01
3.678462193774313960e+01,-8.451492086397773829e-01,5.197647135590993672e-01,-6.086126719162181509e-01
3.621049487212557949e+01,-7.382424664985729468e-01,1.354252071201671237e+00,-3.122546289895078431e-02
3.583033292440077844e+01,-8.737528508990192178e-01,1.018247358467138097e+00,9.014654414106654245e-02
3.583033292440077844e+01,-8.737528508990192178e-01,1.018247358467138097e+00,9.014654414106654245e-02
3.583033292440077844e+01,-8.737528508990192178e-01,1.018247358467138097e+00,9.014654414106654245e-02
3.583033292440077844e+01,-8.737528508990192178e-01,1.018247358467138097e+00,9.014654414106654245e-02
3.583033292440077844e+01,-8.737528508990192178e-01,1.018247358467138097e+00,9.014654414106654245e-02
3.583033292440077844e+01,-8.737528508990192178e-01,1.018247358467138097e+00,9.014654414106654245e-02
3.649908504169544443e+01,-7.254860874057871278e-01,9.137595343634267175e-01,-3.791642878827574115e-01
3.649908504169544443e+01,-7.254860874057871278e-01,9.137595343634267175e-01,-3.791642878827574115e-01
3.649908504169544443e+01,-7.254860874057871278e-01,9.137595343634267175e-01,-3.791642878827574115e-01
3.586015048866921262e+01,-9.411544869416269554e-01,8.140319451687776375e-01,7.746090553460244221e-02
3.573358884172951377e+01,-9.675095504045729822e-01,9.038365496926137332e-01,1.844105036882963677e-01
3.615987000527628936e+01,-7.647772696462842301e-01,1.026951897394600133e+00,-1.627925800232547515e-01
3.615987000527628936e+01,-7.647772696462842301e-01,1.026951897394600133e+00,-1.627925800232547515e-01
3.609623675814349752e+01,-9.592361898307609769e-01,8.780048831506306328e-01,3.397090502700335635e-01
3.563329992133177626e+01,-1.090749463191110102e+00,9.012096345497413452e-01,5.256158853750587667e-01
3.567166017363400243e+01,-1.087376393033434585e+00,9.864075544902188852e-01,6.360374342449433005e-01
3.599776572540812225e+01,-9.428879438332176122e-01,1.174342066235517512e+00,5.582515011346096401e-01
3.572284391905548517e+01,-1.127549987286766031e+00,9.651613742279571140e-01,7.578931588455739554e-01
3.572284391905548517e+01,-1.127549987286766031e+00,9.651613742279571140e-01,7.578931588455739554e-01
3.639278865929929196e+01,-1.351516380121955851e+00,8.604808209498612248e-01,1.102340756635801000e+00
3.640553396353116256e+01,-1.402568779734006732e+00,6.774607191009676121e-01,1.026001112692973116e+00
3.640553396353116256e+01,-1.402568779734006732e+00,6.774607191009676121e-01,1.026001112692973116e+00
3.789917307702380356e+01,-1.562159449005732004e+00,7.576472074076516794e-01,1.486475040191745478e+00
3.789917307702380356e+01,-1.562159449005732004e+00,7.576472074076516794e-01,1.486475040191745478e+00
3.789917307702380356e+01,-1.562159449005732004e+00,7.576472074076516794e-01,1.486475040191745478e+00
3.789917307702380356e+01,-1.562159449005732004e+00,7.576472074076516794e-01,1.486475040191745478e+00
3.731544576442346539e+01,-1.534150056019691233e+00,4.978578093819224226e-01,1.098260081244859077e+00
3.566098417974961876e+01,-1.115671160894224245e+00,8.147910966461953119e-01,4.756747333275433975e-01
3.570232479206948994e+01,-1.219607959965990140e+00,7.504110656379392452e-01,7.677318136703139562e-01
3.596270652714878224e+01,-1.241939098061532576e+00,8.379004377649817981e-01,1.002320586797311952e+00
3.688339247067090554e+01,-1.299614379205251691e+00,6.565465755090035271e-01,1.143813897382843336e+00
3.688339247067090554e+01,-1.299614379205251691e+00,6.565465755090035271e-01,1.143813897382843336e+00
3.648528491832008314e+01,-1.055456615765614226e+00,1.145301488556641711e+00,9.253266608003469784e-01
3.648528491832008314e+01,-1.055456615765614226e+00,1.145301488556641711e+00,9.253266608003469784e-01
3.759009439156995569e+01,-1.437955260293046100e+00,9.967781476412307384e-03,8.193905809562208598e-01
3.684665407664524395e+01,-1.353400208976567098e+00,7.525786981146635746e-02,5.520353028656989069e-01
3.626325578460004806e+01,-1.339162485477862541e+00,2.348554908912118266e-01,5.686642589664331338e-01
3.652976061039760936e+01,-1.185204931585791988e+00,1.499327431685715528e-01,-6.219743472967032005e-02
3.677353954337394271e+01,-1.114565128589015464e+00,3.506440764706103552e-03,-4.361773332665594416e-01
3.669254384007626868e+01,-1.227208803838253370e+00,-2.503850788961654514e-02,-1.352921592691300745e-01
3.669254384007626868e+01,-1.227208803838253370e+00,-2.503850788961654514e-02,-1.352921592691300745e-01
3.669254384007626868e+01,-1.227208803838253370e+00,-2.503850788961654514e-02,-1.352921592691300745e-01
3.614163854575990342e+01,-1.258142852712122339e+00,3.079831572760203806e-01,3.527069420375005815e-01
3.667508124571175898e+01,-9.254985896424767766e-01,3.957196010790267060e-01,-4.909660694339100240e-01
3.670551365624053375e+01,-8.966692924852806001e-01,4.605109682938378080e-01,-5.298616752752689507e-01
3.670551365624053375e+01,-8.966692924852806001e-01,4.605109682938378080e-01,-5.298616752752689507e-01
3.695024043301074812e+01,-1.143559028556252910e+00,1.755055417321555455e-01,1.095164722406829494e-01
3.690175907619656925e+01,-1.107801167657722630e+00,2.603345624193370567e-01,1.136325275787786748e-01
3.656833662753268044e+01,-1.158940580754462379e+00,3.475868730861175759e-01,3.387349291680420427e-01
3.705844031463057320e+01,-1.107442156611907702e+00,2.237642454392524960e-01,8.833932893886992099e-02
3.700602342735627559e+01,-1.080358333981472407e+00,3.411708981703681642e-02,-2.852994761183946237e-01
3.677024162872949375e+01,-1.233218598148416945e+00,-1.352370992220604529e-01,-2.373700464924602405e-01
