3.542403838917957870e+01,-1.126329328857723189e+00,-5.907389560412625862e-01,1.997106263259881831e-01
3.586693982407001613e+01,-1.159999266588073841e+00,-2.025018318362541425e-01,6.953007743972194898e-01
3.586693982407001613e+01,-1.159999266588073841e+00,-2.025018318362541425e-01,6.953007743972194898e-01
3.586693982407001613e+01,-1.159999266588073841e+00,-2.025018318362541425e-01,6.953007743972194898e-01
3.586693982407001613e+01,-1.159999266588073841e+00,-2.025018318362541425e-01,6.953007743972194898e-01
3.586693982407001613e+01,-1.159999266588073841e+00,-2.025018318362541425e-01,6.953007743972194898e-01
3.623939174283726317e+01,-1.196675576613002612e+00,-1.199132353698318526e-01,1.025332961738173454e+00
3.679700389074950806e+01,-1.223107584936532932e+00,-1.609943211535312668e-01,1.269304541695912336e+00
3.679700389074950806e+01,-1.223107584936532932e+00,-1.609943211535312668e-01,1.269304541695912336e+00
3.680650015200352243e+01,-1.146317843518393609e+00,-1.145318630485975264e-03,1.236873653555299102e+00
3.680650015200352243e+01,-1.146317843518393609e+00,-1.145318630485975264e-03,1.236873653555299102e+00
3.680650015200352243e+01,-1.146317843518393609e+00,-1.145318630485975264e-03,1.236873653555299102e+00
3.782520648715827605e+01,-1.066154773812707512e+00,-2.528742160577086562e-01,8.857993485202704242e-01
3.782520648715827605e+01,-1.066154773812707512e+00,-2.528742160577086562e-01,8.857993485202704242e-01
3.646689618651764420e+01,-1.151560350755366002e+00,-3.910272822958414940e-01,8.611571657885898068e-01
3.647207299225568988e+01,-1.054415561694983294e+00,2.565818256983193324e-01,1.082033630886104048e+00
3.609380147199343014e+01,-1.087740094396661528e+00,1.149057655263084898e-01,7.222563566004682745e-01
3.609380147199343014e+01,-1.087740094396661528e+00,1.149057655263084898e-01,7.222563566004682745e-01
3.609380147199343014e+01,-1.087740094396661528e+00,1.149057655263084898e-01,7.222563566004682745e-01
3.609380147199343014e+01,-1.087740094396661528e+00,1.149057655263084898e-01,7.222563566004682745e-01
3.609380147199343014e+01,-1.087740094396661528e+00,1.149057655263084898e-01,7.222563566004682745e-01
3.608230154620097352e+01,-1.181141391754194192e+00,-1.422648644514004079e-01,9.574150023498188000e-01
3.608230154620097352e+01,-1.181141391754194192e+00,-1.422648644514004079e-01,9.574150023498188000e-01
3.608230154620097352e+01,-1.181141391754194192e+00,-1.422648644514004079e-01,9.574150023498188000e-01
3.608230154620097352e+01,-1.181141391754194192e+00,-1.422648644514004079e-01,9.574150023498188000e-01
3.608230154620097352e+01,-1.181141391754194192e+00,-1.422648644514004079e-01,9.574150023498188000e-01
3.608230154620097352e+01,-1.181141391754194192e+00,-1.422648644514004079e-01,9.574150023498188000e-01
3.794169021278010234e+01,-1.242046428237857381e+00,2.684042106522716020e-01,1.484373063394967662e+00
3.759050532378752507e+01,-1.117548820848424551e+00,5.938902997661674732e-01,1.357220563415898695e+00
3.736607010876024049e+01,-1.194605938292838010e+00,3.422574633800614108e-01,1.607567068148707090e+00
3.706330115023505556e+01,-1.079775793330705280e+00,7.206941446893492254e-01,1.727510728468273804e+00
3.723205389477053018e+01,-1.066250758068048921e+00,5.727127623828660585e-01,1.108816042806843871e+00
3.792275394021483237e+01,-1.118429114765924215e+00,6.926047047850660832e-01,1.424880750153668663e+00
3.802230290643670685e+01,-9.826155931730004012e-01,1.042441980812196745e+00,1.265466864251437951e+00
3.742478165447319327e+01,-9.224814515613249943e-01,1.368205052164615410e+00,1.599595694829435866e+00
3.738831921225524013e+01,-9.851659291566147170e-01,1.293504734448125415e+00,1.890356405445785537e+00
3.788131506381472491e+01,-9.029947209276196762e-01,1.441596711596171421e+00,1.896395455866678903e+00
3.868025400209801035e+01,-8.151117478851854781e-01,1.778167567859194609e+00,1.966591880525765612e+00
3.829559419738509973e+01,-7.418591147601270031e-01,2.004147078299758356e+00,1.810564281131188613e+00
3.781117968958984932e+01,-7.242417720766443079e-01,2.092978634573968044e+00,1.516621056310391680e+00
3.781117968958984932e+01,-7.242417720766443079e-01,2.092978634573968044e+00,1.516621056310391680e+00
3.908798997138637787e+01,-6.401976872708921018e-01,2.485224354829467686e+00,1.694159870848728211e+00
3.853168525753481788e+01,-7.324803927777057133e-01,2.193093162267955698e+00,1.848160311830294944e+00
3.887427934026693777e+01,-6.737633198943994151e-01,2.379508557962018322e+00,1.937724571593996803e+00
3.987832556310652876e+01,-5.073705860788582100e-01,2.668116626713799899e+00,1.575910045806361293e+00
3.821153827562467598e+01,-4.609875820469067076e-01,2.252913525603463807e+00,9.912513630065216130e-01
3.821153827562467598e+01,-4.609875820469067076e-01,2.252913525603463807e+00,9.912513630065216130e-01
3.714709215373154194e+01,-5.583692364527990115e-01,1.908801979631593149e+00,9.024051360235627595e-01
3.714709215373154194e+01,-5.583692364527990115e-01,1.908801979631593149e+00,9.024051360235627595e-01
3.714709215373154194e+01,-5.583692364527990115e-01,1.908801979631593149e+00,9.024051360235627595e-01
3.745367763051589094e+01,-6.891548497976064391e-01,1.369998183311174511e+00,8.585407916113259041e-01
3.787410693062537348e+01,-6.050018455633670023e-01,1.207922442812257691e+00,3.682564846834785466e-01
3.643688597682245245e+01,-5.815274426261753948e-01,7.706233917151051882e-01,-6.157610845731817939e-01
3.598383714151303536e+01,-7.325634744147365707e-01,1.888993843690462970e-01,-7.553479079074999492e-01
3.620361551059241378e+01,-8.001507729595640495e-01,1.800408279158853542e-01,-4.587470412980452217e-01
3.589756822491165167e+01,-7.251200480240445057e-01,2.502024573852112965e-02,-9.602544745772843005e-01
3.618199344125615369e+01,-7.874844846051121117e-01,-3.356981549410628651e-01,-1.130110676941590286e+00
3.626978965830448942e+01,-7.798848498012267427e-01,-3.904248810448975870e-01,-1.173982822099409962e+00
3.701231104418585716e+01,-6.723228179410754013e-01,-3.814467204045388082e-01,-1.631082812225172596e+00
3.815205988022886885e+01,-6.633853868051836633e-01,-6.077041116233994344e-01,-1.789308370882937371e+00
3.677153448260517621e+01,-7.733484279258409089e-01,-4.037425079831776231e-01,-1.417444805936222796e+00
3.625582633695893264e+01,-6.716565051219092197e-01,-1.440396342915516437e-01,-1.375505570478995132e+00
3.639422611991361833e+01,-6.978786180604058531e-01,3.167141710113854924e-02,-1.304621820174439728e+00
3.632894249175021173e+01,-7.249216826231004163e-01,2.314563674459093334e-01,-9.527243416822765987e-01
3.615992360044070608e+01,-7.908492020756398011e-01,5.739231709919434543e-02,-4.905593586143818796e-01
3.604548529951517111e+01,-7.740109293525790912e-01,-5.259573400273553911e-03,-6.560501136316417847e-01
3.647519183639507645e+01,-6.859893406364480084e-01,-1.865041317627428308e-01,-1.132453096627991762e+00
3.671469923646102984e+01,-6.795141064308435341e-01,-3.060747371394208494e-01,-1.553739481077268003e+00
3.745780601472918647e+01,-7.489202406436613613e-01,-6.217951429341677105e-01,-1.686349440461236249e+00
3.745780601472918647e+01,-7.489202406436613613e-01,-6.217951429341677105e-01,-1.686349440461236249e+00
3.837421156558725954e+01,-7.656218458204658850e-01,-9.504358455531117800e-01,-1.802445424037570465e+00
3.984578818322844995e+01,-9.000785629204181015e-01,-1.613365075999189102e+00,-1.866812759292655333e+00
3.984578818322844995e+01,-9.000785629204181015e-01,-1.613365075999189102e+00,-1.866812759292655333e+00
3.984578818322844995e+01,-9.000785629204181015e-01,-1.613365075999189102e+00,-1.866812759292655333e+00
3.984578818322844995e+01,-9.000785629204181015e-01,-1.613365075999189102e+00,-1.866812759292655333e+00
4.051051041197411706e+01,-8.743007874145525271e-01,-1.402640029681874845e+00,-1.349578778321519179e+00
4.179779805398077031e+01,-7.680085084535310802e-01,-1.319960406197996594e+00,-1.712428109882715210e+00
4.248917319684564831e+01,-7.327491716181406822e-01,-1.219983906617346126e+00,-1.667509010006948955e+00
4.238211909803433741e+01,-6.830045358476611872e-01,-1.046256225053528111e+00,-1.692946617119444275e+00
4.256782003852648444e+01,-7.691936761891244867e-01,-1.474514670217590639e+00,-1.936377359167222867e+00
3.899147518833730430e+01,-8.888830547357832179e-01,-1.389604222779694087e+00,-1.494228573775219893e+00
3.822249417342315780e+01,-1.020032286724432247e+00,-1.011816839846800598e+00,-2.217352953004756433e-01
3.659093735193626173e+01,-9.911805709464595049e-01,-3.872655932908531939e-01,2.296632959727265555e-01
3.677210558548779318e+01,-8.232425064507278289e-01,5.274513123406343595e-02,-1.104703290050191300e-01
3.625946478198029865e+01,-8.585674377032046500e-01,2.743003835451961539e-02,-1.478263386897219478e-01
3.647014930288987955e+01,-8.308144253831202253e-01,6.032166496418452095e-02,-1.605877138330144005e-01
3.614630700524045892e+01,-9.636949361273613457e-01,1.880574771946699753e-01,5.817214784706548070e-01
3.614630700524045892e+01,-9.636949361273613457e-01,1.880574771946699753e-01,5.817214784706548070e-01
3.611815913054496008e+01,-9.659892804897758367e-01,2.488316819422621562e-01,6.170211401255211170e-01
3.611815913054496008e+01,-9.659892804897758367e-01,2.488316819422621562e-01,6.170211401255211170e-01
3.651408189124699533e+01,-8.583018821968833034e-01,5.131751970664037987e-01,4.395947107415303368e-01
3.645928161615348273e+01,-8.995419768060272103e-01,4.033987237839418150e-01,5.567407633964601699e-01
3.637500796810309112e+01,-9.489400111115438019e-01,-5.027570600490854913e-02,-1.822708565832836802e-01
3.642988125135902777e+01,-8.172326538830472220e-01,4.171600929184242079e-01,-1.170364594535473896e-01
3.620412937941571130e+01,-7.333955590343919084e-01,1.075679320133589578e-01,-1.028980226466540193e+00
3.641963345133860486e+01,-7.278875749286131125e-01,-3.104710810090454687e-01,-1.364731066940083837e+00
3.641963345133860486e+01,-7.278875749286131125e-01,-3.104710810090454687e-01,-1.364731066940083837e+00
3.641963345133860486e+01,-7.278875749286131125e-01,-3.104710810090454687e-01,-1.364731066940083837e+00
3.633318472637724028e+01,-6.881976145665174016e-01,-6.295452864790609948e-02,-1.384666053937765762e+00
3.681636466353202763e+01,-6.928356367979083830e-01,-3.122559913179007718e-01,-1.594509969511975100e+00
3.681636466353202763e+01,-6.928356367979083830e-01,-3.122559913179007718e-01,-1.594509969511975100e+00
3.688695816924603577e+01,-7.419904266111807534e-01,-3.923484161663778336e-01,-1.525192619170603558e+00
3.641066239665357784e+01,-8.588493566511272714e-01,-4.053349389495554123e-01,-1.049692977473022593e+00
3.603449331608607054e+01,-7.186033698264318037e-01,8.991079046568295485e-02,-1.046237548397919159e+00
3.603449331608607054e+01,-7.186033698264318037e-01,8.991079046568295485e-02,-1.046237548397919159e+00
3.628077953226951990e+01,-7.424256140156527684e-01,-9.100337743908570864e-02,-1.205568865148883173e+00
3.600870533988614142e+01,-6.673890257701594608e-01,1.683793534352833743e-01,-1.157831291716332922e+00
3.600870533988614142e+01,-6.673890257701594608e-01,1.683793534352833743e-01,-1.157831291716332922e+00
3.617438357486557976e+01,-5.403078473939790793e-01,5.482630066689115900e-01,-1.115762385780825872e+00
3.633406159687637427e+01,-4.994555992543800449e-01,5.401729221943414316e-01,-1.304154157610931675e+00
3.658122461949704984e+01,-4.578118287808641274e-01,6.082126505745830691e-01,-1.333461417415251260e+00
3.695538274990460792e+01,-5.277002948902417279e-01,1.364100003236963787e-01,-1.817844063665778442e+00
3.695538274990460792e+01,-5.277002948902417279e-01,1.364100003236963787e-01,-1.817844063665778442e+00
3.654153374047945846e+01,-5.496862386689240765e-01,1.730704539072079051e-01,-1.639891772852960727e+00
3.681156866003671979e+01,-5.623174515246902594e-01,-4.070870297412890193e-02,-1.564825216490544513e+00
3.611281291410334404e+01,-6.692713155038561013e-01,-5.406071172045325696e-02,-1.163042091526334421e+00
3.699316077071152620e+01,-6.846459911762741157e-01,-3.703550944445134774e-01,-1.342137812325431057e+00
3.802111133196169135e+01,-6.478251173605324986e-01,-5.178471311279906342e-01,-1.658789158294634358e+00
3.802111133196169135e+01,-6.478251173605324986e-01,-5.178471311279906342e-01,-1.658789158294634358e+00
3.761891326679470637e+01,-5.669095204759153628e-01,-2.205073295885262019e-01,-2.015184391887065551e+00
3.658832275473073992e+01,-5.536392278030440872e-01,6.550982973654784214e-02,-1.490748793311616360e+00
3.651462077670291251e+01,-5.234194104949212445e-01,3.693623308016732443e-01,-1.202630016692102233e+00
3.639362345693015044e+01,-5.043240014048204767e-01,5.573656516196459076e-01,-1.150037741270143465e+00
3.639362345693015044e+01,-5.043240014048204767e-01,5.573656516196459076e-01,-1.150037741270143465e+00
3.629406250753215346e+01,-5.293771661031974052e-01,5.158703578280240398e-01,-1.093973046510897440e+00
3.629406250753215346e+01,-5.293771661031974052e-01,5.158703578280240398e-01,-1.093973046510897440e+00
3.629406250753215346e+01,-5.293771661031974052e-01,5.158703578280240398e-01,-1.093973046510897440e+00
3.629399065905104038e+01,-6.500397224879762570e-01,6.031689830829435328e-01,-5.621591500465398239e-01
3.633810216704586793e+01,-6.702621384185621922e-01,6.189632825017568063e-01,-4.669015360694039884e-01
3.624136768993006541e+01,-6.564333261135246733e-01,4.449213701278973421e-01,-6.264458282143829937e-01
3.607444696902944514e+01,-5.801728833111943207e-01,4.491890269084513609e-01,-1.019466995949585009e+00
3.659926214044831738e+01,-4.772255433143286485e-01,7.999597031470671027e-01,-9.738591651544276084e-01
3.697871241681144028e+01,-4.801262205223238988e-01,1.132058086267126784e+00,-5.364113500801854784e-01
3.686817764911035056e+01,-4.250381120365113174e-01,9.126529233967703991e-01,-1.034127789069446024e+00
3.686817764911035056e+01,-4.250381120365113174e-01,9.126529233967703991e-01,-1.034127789069446024e+00
3.686817764911035056e+01,-4.250381120365113174e-01,9.126529233967703991e-01,-1.034127789069446024e+00
3.696857199167636310e+01,-5.365191969971007113e-01,7.294851513824388567e-01,-6.424807976793661668e-01
3.628600920556406351e+01,-5.188933048917554469e-01,3.895266431115134154e-01,-1.374402104191831731e+00
3.649945613872067440e+01,-5.999046996751202787e-01,8.201914085684192113e-01,-4.575823379121934931e-01
3.682445325872485853e+01,-6.014692832974813941e-01,9.272297837169585222e-01,-1.595765474972154485e-01
3.647560465588477285e+01,-6.440571741366483138e-01,7.609933179540981918e-01,-3.027830027319596273e-01
3.647560465588477285e+01,-6.440571741366483138e-01,7.609933179540981918e-01,-3.027830027319596273e-01
3.637530301150542300e+01,-8.163912884077956233e-01,3.720299763694414064e-01,4.145328775078399586e-02
3.637530301150542300e+01,-8.163912884077956233e-01,3.720299763694414064e-01,4.145328775078399586e-02
3.583538903309767676e+01,-1.009713294883940460e+00,-2.676425486764527628e-02,4.786320337059921659e-01
3.564168697523844287e+01,-1.066525855911647946e+00,-1.866196075360404549e-01,3.516363886912218240e-01
3.592090837519646840e+01,-1.182566153094589678e+00,-2.543127462389967453e-01,7.229503160628580893e-01
3.582845472886830862e+01,-1.268171006034711557e+00,-8.095601509749819069e-01,4.644928794986172838e-01
3.570666464903215598e+01,-1.231643260596761547e+00,-9.583913779207813288e-01,1.581861142148611732e-01
3.601092075259531100e+01,-1.091192898456418536e+00,-9.896240842480001909e-01,-2.790097087430528089e-01
3.661674482281416232e+01,-1.105466437969735871e+00,-1.285160651934824427e+00,-5.976377232923786309e-01
3.782090643974897404e+01,-1.238506473596989066e+00,-1.504438667852120215e+00,-5.653922166868685650e-02
3.782090643974897404e+01,-1.238506473596989066e+00,-1.504438667852120215e+00,-5.653922166868685650e-02
3.782090643974897404e+01,-1.238506473596989066e+00,-1.504438667852120215e+00,-5.653922166868685650e-02
3.782090643974897404e+01,-1.238506473596989066e+00,-1.504438667852120215e+00,-5.653922166868685650e-02
3.779594682751100976e+01,-1.357102166629681861e+00,-1.609921912896687068e+00,1.890265822156362852e-01
3.672252742052641139e+01,-1.380588368623361095e+00,-1.157205195772796014e+00,6.293378760327223986e-01
3.701959973493800504e+01,-1.410187279742527888e+00,-1.271886939686218021e+00,5.349032919001054376e-01
3.701959973493800504e+01,-1.410187279742527888e+00,-1.271886939686218021e+00,5.349032919001054376e-01
3.726310027320002405e+01,-1.364713899675829456e+00,-1.443594081418807296e+00,-1.885198593737136274e-02
3.728018841976086151e+01,-1.321209232331030492e+00,-1.507688967523104662e+00,-2.488336172263694579e-01
3.702132598571007094e+01,-1.312201713449696827e+00,-1.401208246930059742e+00,-1.965921403892679775e-01
3.698985355250457019e+01,-1.270111431706098415e+00,-1.363506146235018202e+00,-3.727402633890524175e-01
3.775933750150544910e+01,-1.445237801981765768e+00,-1.460399461458577797e+00,3.074504100797350592e-01
3.637759238218421132e+01,-1.284575083838825904e+00,-5.269490783445522908e-01,7.561075376727169894e-01
3.637759238218421132e+01,-1.284575083838825904e+00,-5.269490783445522908e-01,7.561075376727169894e-01
3.637759238218421132e+01,-1.284575083838825904e+00,-5.269490783445522908e-01,7.561075376727169894e-01
3.745978055625175784e+01,-1.413187997682869845e+00,-8.077486762456509428e-01,1.136930085434477045e+00
3.710762574977641748e+01,-1.388369116330193886e+00,-7.986981546753294525e-01,1.054042122616452248e+00
3.753471754376610647e+01,-1.423057380721022724e+00,-1.491581797735384018e+00,2.370348434417893779e-01
3.759278036545165946e+01,-1.455672547170791864e+00,-1.371916647373525588e+00,6.469296182637883641e-01
3.719961153435819057e+01,-1.418169190057680495e+00,-1.349110752463005491e+00,5.516184373201469260e-01
3.623313147666530654e+01,-1.318012876605343608e+00,-7.871855632483646392e-01,7.259219353311952005e-01
3.553694727042439894e+01,-1.197754679522561538e+00,-8.188315816295440586e-01,2.374605108563020428e-01
3.553694727042439894e+01,-1.197754679522561538e+00,-8.188315816295440586e-01,2.374605108563020428e-01
3.619723107203709134e+01,-1.319637232259339266e+00,-8.655830224261684691e-01,6.862717780768987641e-01
3.619723107203709134e+01,-1.319637232259339266e+00,-8.655830224261684691e-01,6.862717780768987641e-01
3.640813792790122960e+01,-1.314367277663338607e+00,-6.681157754817541594e-01,9.120322502337738779e-01
3.552861579086664534e+01,-1.154702354820740462e+00,-5.495733764191191861e-01,4.490946124607576029e-01
3.553608217879112630e+01,-1.048162763319715696e+00,-3.710405558668520287e-01,1.185365166970369644e-01
3.553608217879112630e+01,-1.048162763319715696e+00,-3.710405558668520287e-01,1.185365166970369644e-01
3.559161660168845742e+01,-1.145538868681287070e+00,-5.742509121308474462e-01,4.349309134252425380e-01
3.619992369544987554e+01,-1.246367925120817066e+00,-5.459071885050399420e-01,5.060258172131348875e-01
3.683432028272251557e+01,-1.137304622803549714e+00,2.285507654825184032e-01,9.488449974302151091e-01
3.659875225878579386e+01,-1.057422472872626251e+00,1.807774858067572321e-01,5.128831023546064349e-01
3.616109749035005905e+01,-1.115874844057350934e+00,-4.479960441656277714e-02,5.681474014646968884e-01
3.593393445760994354e+01,-1.108338265864057259e+00,-1.982165140867566192e-02,6.711423450062337093e-01
3.658669628659594508e+01,-1.036967340305890772e+00,1.730012852122995715e-01,1.001619173008637009e+00
3.637221745358374392e+01,-9.531568080315849789e-01,3.193726788134061967e-01,7.229688607530962985e-01
3.637221745358374392e+01,-9.531568080315849789e-01,3.193726788134061967e-01,7.229688607530962985e-01
3.607690403765761999e+01,-1.051001479371349356e+00,2.374507606542574090e-01,8.458141273912018754e-01
3.594903268123140094e+01,-1.171005328090808817e+00,-2.055624933541159716e-01,8.870044403966288460e-01
3.583879801002215970e+01,-1.113220665687432609e+00,-2.595324676988152723e-01,7.003126643817954022e-01
3.550737607355693370e+01,-1.127272669455154697e+00,-6.088969244625801469e-01,2.882943066051475434e-01
3.566943865498880939e+01,-1.180182544470766981e+00,-9.000266602869619881e-01,1.755912563993947406e-01
3.566943865498880939e+01,-1.180182544470766981e+00,-9.000266602869619881e-01,1.755912563993947406e-01
3.598899415968156745e+01,-1.240586445776601376e+00,-9.896441565875755408e-01,3.803861318794968804e-01
3.612904449595437484e+01,-1.007727193664553988e+00,9.047287326102071425e-02,6.984262368358256090e-01
3.612904449595437484e+01,-1.007727193664553988e+00,9.047287326102071425e-02,6.984262368358256090e-01
3.633515349463103661e+01,-1.016538975881351892e+00,1.189396307266585712e-01,8.207434592911474480e-01
3.615166129714879162e+01,-1.012449957706903048e+00,-1.034737614501757413e-01,5.448629722190909686e-01
3.656560473910753473e+01,-9.820004941494596684e-01,3.092013770728056499e-01,8.970018688729426426e-01
3.656560473910753473e+01,-9.820004941494596684e-01,3.092013770728056499e-01,8.970018688729426426e-01
3.586010835202193903e+01,-1.014788805882499645e+00,-1.131586493117370251e-02,5.302082610937506324e-01
3.594346127418882020e+01,-1.004405867789631923e+00,-1.780931295914957649e-02,5.181500290864644587e-01
3.769924162319436789e+01,-1.116574910674303034e+00,6.362110726844995290e-02,1.353603425512057701e+00
3.720445962989408883e+01,-1.124967200905000908e+00,1.759185596388243011e-01,1.384791326205333739e+00
3.720445962989408883e+01,-1.124967200905000908e+00,1.759185596388243011e-01,1.384791326205333739e+00
3.720445962989408883e+01,-1.124967200905000908e+00,1.759185596388243011e-01,1.384791326205333739e+00
3.793186573939425443e+01,-1.124090535939468172e+00,3.220432925059233398e-01,1.650859819757927838e+00
3.793186573939425443e+01,-1.124090535939468172e+00,3.220432925059233398e-01,1.650859819757927838e+00
3.950825998936392836e+01,-9.558392386656440198e-01,4.512866184808628223e-01,1.347005306961078563e+00
4.004742358769046717e+01,-8.592237357558821786e-01,6.515032648907521651e-01,1.195192446615988446e+00
3.951496131159231595e+01,-9.081807596597707422e-01,1.290800711451062677e+00,2.090229899325530827e+00
3.956670899594102764e+01,-9.904955507346587806e-01,1.575200875726797012e+00,2.659403859517830870e+00
3.884682355262064846e+01,-1.043206687377002062e+00,1.356006678539529720e+00,2.579906959384002718e+00
3.875379869513039921e+01,-1.105933841902356773e+00,1.110385903273151120e+00,2.653524225346341581e+00
3.791544538388356500e+01,-1.089474281193366201e+00,1.084564886753281998e+00,2.427158365085882785e+00
3.754819480152842459e+01,-1.073300830962056196e+00,9.028539159656314705e-01,2.138045483493366650e+00
3.784495510767287385e+01,-1.035931895138523240e+00,1.294114117293410526e+00,2.297333842168097107e+00
3.833688380095853176e+01,-1.104298690432382157e+00,1.612053725288385087e+00,2.817973909177651226e+00
3.833688380095853176e+01,-1.104298690432382157e+00,1.612053725288385087e+00,2.817973909177651226e+00
3.807555836457878939e+01,-1.303666708371668870e+00,1.119826731889148386e+00,2.905278863459417771e+00
3.895793694982443611e+01,-1.416372405139432855e+00,1.017389052862364807e+00,3.165666580224426596e+00
3.890370825193779325e+01,-1.429719579405569707e+00,9.936128386439634363e-01,3.338038446076858623e+00
3.928243039359492172e+01,-1.344584730187955213e+00,1.173542891622742834e+00,2.909326080836403872e+00
3.928243039359492172e+01,-1.344584730187955213e+00,1.173542891622742834e+00,2.909326080836403872e+00
3.928243039359492172e+01,-1.344584730187955213e+00,1.173542891622742834e+00,2.909326080836403872e+00
3.941836929527156030e+01,-1.452287116823417712e+00,8.326086020422110989e-01,2.895813062261283211e+00
3.941836929527156030e+01,-1.452287116823417712e+00,8.326086020422110989e-01,2.895813062261283211e+00
3.918717556995976281e+01,-1.378811296040520329e+00,9.956396828118634357e-01,2.799809356298804452e+00
3.918717556995976281e+01,-1.378811296040520329e+00,9.956396828118634357e-01,2.799809356298804452e+00
3.981019453964722032e+01,-1.536379721165360035e+00,7.243610505276449896e-01,3.199620754989513927e+00
3.804837372731354606e+01,-1.475774600056022345e+00,4.347994733612145501e-01,2.689426002837537855e+00
3.779559611622323700e+01,-1.475006865913901732e+00,5.820317005118749165e-01,3.070230501940022450e+00
3.779559611622323700e+01,-1.475006865913901732e+00,5.820317005118749165e-01,3.070230501940022450e+00
3.747146745738238138e+01,-1.453718045290104843e+00,4.614509088464667230e-01,3.049713669771370927e+00
3.723402099599374537e+01,-1.456106579544775625e+00,3.518231047549902346e-01,2.790254955676415349e+00
3.723402099599374537e+01,-1.456106579544775625e+00,3.518231047549902346e-01,2.790254955676415349e+00
3.810860562855228295e+01,-1.512071255711694429e+00,4.170120442443425723e-02,2.549564205980900056e+00
3.832952048792782307e+01,-1.456768022451031541e+00,2.909112246099566923e-02,2.272448766588644364e+00
3.825766432062351896e+01,-1.444907680219360335e+00,-7.609018751504527112e-01,1.371045221098147859e+00
3.839111240716026430e+01,-1.460438907387108909e+00,-1.416448079196699794e+00,8.905024084191407452e-01
3.839111240716026430e+01,-1.460438907387108909e+00,-1.416448079196699794e+00,8.905024084191407452e-01
3.715472446496497128e+01,-1.336647140844680948e+00,-1.533368784003076524e+00,2.187663133772221880e-02
3.715472446496497128e+01,-1.336647140844680948e+00,-1.533368784003076524e+00,2.187663133772221880e-02
3.721921914227780093e+01,-1.338698026242560291e+00,-1.499448492070452277e+00,-1.382298799517803212e-01
3.711443876660946017e+01,-1.384063034612690535e+00,-1.368828969481533431e+00,1.715679536138166039e-01
3.711443876660946017e+01,-1.384063034612690535e+00,-1.368828969481533431e+00,1.715679536138166039e-01
3.711443876660946017e+01,-1.384063034612690535e+00,-1.368828969481533431e+00,1.715679536138166039e-01
3.685716996324499917e+01,-1.357087901007666630e+00,-1.406902209837644024e+00,1.453395161328407681e-01
3.718437324254744425e+01,-1.393579890274502908e+00,-8.800401737097808263e-01,1.063865774938356212e+00
3.836482796839695197e+01,-1.383091267582095663e+00,-9.848321797601330418e-01,1.214541576718480842e+00
3.836482796839695197e+01,-1.383091267582095663e+00,-9.848321797601330418e-01,1.214541576718480842e+00
3.882632630616411973e+01,-1.122295150103156391e+00,-1.096717322408918616e+00,2.154602263781779659e-01
3.979349140120660877e+01,-1.005890239288458554e+00,-1.261932099266623863e+00,-4.916743425491385544e-01
3.726217746626076632e+01,-1.127244861018888544e+00,-1.326264703110807908e+00,-3.644087853964497192e-01
3.647461291849297993e+01,-1.097199528035313731e+00,-9.188526680937084690e-01,1.901309054843580704e-02
3.607615075235307245e+01,-9.654461061550152490e-01,-3.652573203879766472e-01,-1.400562137217489095e-02
3.625190021256753425e+01,-1.035963540145549144e+00,-8.754493335492844475e-01,-2.924541940038664634e-01
3.646056806155130658e+01,-1.034287763498496160e+00,-9.957930275136143150e-01,-4.482699753514530761e-01
3.646056806155130658e+01,-1.034287763498496160e+00,-9.957930275136143150e-01,-4.482699753514530761e-01
3.574539145290889763e+01,-1.016518459177275346e+00,-4.571867577765881263e-01,3.424318182270286171e-02
3.604242156110720430e+01,-9.439620584311213536e-01,1.781825150302036587e-01,3.881179590844965333e-01
3.586685358469365070e+01,-9.825245400465297818e-01,2.282808411299055984e-02,3.801960674483849667e-01
3.586685358469365070e+01,-9.825245400465297818e-01,2.282808411299055984e-02,3.801960674483849667e-01
3.704847417495936668e+01,-8.044452346322338299e-01,4.199944486255914322e-01,2.844487238995166423e-01
3.707022749693706487e+01,-7.871096485447852675e-01,4.411773988177691841e-01,2.287357985527926907e-01
3.677894898402266932e+01,-7.605420489247748383e-01,8.005469454676890084e-01,3.348665716721808683e-01
3.729546940158868296e+01,-5.520068985248057780e-01,1.539403818130319124e+00,3.350705757082220182e-01
3.729546940158868296e+01,-5.520068985248057780e-01,1.539403818130319124e+00,3.350705757082220182e-01
3.729546940158868296e+01,-5.520068985248057780e-01,1.539403818130319124e+00,3.350705757082220182e-01
3.851048342040467531e+01,-6.344452744675674882e-01,1.218252419210542836e+00,6.148170332527487236e-01
3.910452234586565368e+01,-5.344729562817798207e-01,1.669894278354211004e+00,8.571917792268928249e-01
3.832142029332653266e+01,-4.131657949489122572e-01,2.035891144783881668e+00,5.633869598741276796e-01
3.755738492262008066e+01,-5.296105604743313044e-01,1.862853537018296590e+00,8.225297225067669249e-01
3.755738492262008066e+01,-5.296105604743313044e-01,1.862853537018296590e+00,8.225297225067669249e-01
3.755738492262008066e+01,-5.296105604743313044e-01,1.862853537018296590e+00,8.225297225067669249e-01
3.746240614190752183e+01,-4.863263624499640780e-01,1.751098529180357577e+00,3.040856901982038618e-01
3.795603708158013490e+01,-4.270140515248105340e-01,1.696919652364185183e+00,-8.519004678790076390e-03
3.764446242041814372e+01,-4.708686623487419731e-01,1.577895628048898713e+00,-2.501718277253435208e-01
3.725054999389676880e+01,-4.567126081176650643e-01,1.381417353289207783e+00,-4.649749804264505793e-01
3.705327405640614558e+01,-4.409608800101323944e-01,1.241852749221394214e+00,-6.497854601701781307e-01
3.711541479374821506e+01,-5.375434246473580480e-01,7.094658783418065218e-01,-6.249125138881367336e-01
3.711541479374821506e+01,-5.375434246473580480e-01,7.094658783418065218e-01,-6.249125138881367336e-01
3.716515008917613727e+01,-5.819753386736495893e-01,1.095440370431386645e+00,1.713567113543568166e-02
3.716515008917613727e+01,-5.819753386736495893e-01,1.095440370431386645e+00,1.713567113543568166e-02
3.720387953212425458e+01,-7.563638789822429986e-01,1.318626290934079348e+00,9.524039339984688990e-01
3.679659187246099350e+01,-6.716753818078475824e-01,1.784907731992965596e+00,1.101031871869291967e+00
3.679659187246099350e+01,-6.716753818078475824e-01,1.784907731992965596e+00,1.101031871869291967e+00
3.679659187246099350e+01,-6.716753818078475824e-01,1.784907731992965596e+00,1.101031871869291967e+00
3.759680938648626380e+01,-7.060453717602500623e-01,2.075043528223192713e+00,1.386195714461353257e+00
3.706629247509903990e+01,-5.424425041589305829e-01,1.944609847616686205e+00,5.859043948451032602e-01
3.770465246434206108e+01,-5.138033398991979084e-01,2.292864321462968480e+00,7.964598730064256227e-01
3.732418533453954268e+01,-5.149756506689696645e-01,2.202314041853451698e+00,8.104682220118522018e-01
3.732418533453954268e+01,-5.149756506689696645e-01,2.202314041853451698e+00,8.104682220118522018e-01
3.732418533453954268e+01,-5.149756506689696645e-01,2.202314041853451698e+00,8.104682220118522018e-01
3.732418533453954268e+01,-5.149756506689696645e-01,2.202314041853451698e+00,8.104682220118522018e-01
3.718394977181192473e+01,-5.618716695914812709e-01,2.104648980010488390e+00,8.246218220402541377e-01
3.681021632234877217e+01,-7.082454128440738295e-01,1.717492461917829782e+00,1.075238078444269885e+00
3.707062948428972504e+01,-6.311029684013670371e-01,1.323308843655193412e+00,3.285319484672818424e-01
3.700236466888176778e+01,-6.706568072473688691e-01,1.227931720256211445e+00,3.231055905616220247e-01
3.686937857194798340e+01,-5.939560342427361306e-01,1.940183760767296484e+00,8.465426385815240096e-01
3.678276217049536001e+01,-6.671239608582674174e-01,1.671334555703526625e+00,9.222312354738366746e-01
3.708745269153918400e+01,-6.887675958769039486e-01,1.242923889442284491e+00,4.230127305279124950e-01
3.694030038237748670e+01,-7.356132342179316774e-01,8.987899427412793241e-01,-4.102435083410094219e-02
3.671353070367968741e+01,-8.317569658323650250e-01,6.975643524629647763e-01,2.787430333647061831e-01
3.714633519357511204e+01,-8.791725715388074569e-01,5.027435239431315983e-01,5.135463243984142445e-02
3.716571487725470035e+01,-7.874109044064329099e-01,9.893385651081070264e-01,3.962209409826333850e-01
3.708007752428503068e+01,-8.301637678986898417e-01,7.872121407043266572e-01,2.658758010962161689e-01
3.652156064761549459e+01,-7.895625421282520540e-01,5.779013082866359952e-01,-7.506334003999837190e-02
3.684149718725892342e+01,-8.286205571891029908e-01,7.938535825964263548e-01,4.978738506284260401e-01
3.665520326991535427e+01,-6.970876573948154853e-01,6.381187788567592722e-01,-8.619945444218590769e-02
3.665520326991535427e+01,-6.970876573948154853e-01,6.381187788567592722e-01,-8.619945444218590769e-02
3.671207204552674597e+01,-6.801114056309738309e-01,6.019790836344913743e-01,-1.866024910858549157e-01
3.671207204552674597e+01,-6.801114056309738309e-01,6.019790836344913743e-01,-1.866024910858549157e-01
3.652580788667342659e+01,-6.010548961946532431e-01,8.609178324246778979e-01,-4.008468509681724079e-01
3.652580788667342659e+01,-6.010548961946532431e-01,8.609178324246778979e-01,-4.008468509681724079e-01
3.652580788667342659e+01,-6.010548961946532431e-01,8.609178324246778979e-01,-4.008468509681724079e-01
3.653412429238475312e+01,-5.736903071573615787e-01,9.006230488202188189e-01,-5.588431862992712107e-01
3.706692441479964373e+01,-4.821738042651536604e-01,9.322751943310567668e-01,-1.197829484855323479e+00
3.784922853080074390e+01,-4.923734258232209116e-01,8.709865530087720353e-01,-1.391696836173439866e+00
3.820930387297368469e+01,-5.335951318730539628e-01,8.185345582829991473e-01,-1.357509997279910063e+00
3.820930387297368469e+01,-5.335951318730539628e-01,8.185345582829991473e-01,-1.357509997279910063e+00
3.811634561162703250e+01,-4.483389908076895747e-01,1.097216438184943854e+00,-1.321009198271536844e+00
3.777385500340925972e+01,-6.002787536806981628e-01,9.216617010320682368e-01,-8.613258064924343982e-01
3.754844213560296140e+01,-6.153794801375027657e-01,7.929526293571018680e-01,-9.430333992860356895e-01
3.691105901858150418e+01,-6.716139514519706699e-01,5.987235195371900520e-01,-8.287666896212082523e-01
3.697450907270062004e+01,-7.429051333523112310e-01,2.875788629589806633e-01,-9.515484774548134128e-01
3.697450907270062004e+01,-7.429051333523112310e-01,2.875788629589806633e-01,-9.515484774548134128e-01
3.807562783785031968e+01,-8.547788584189084382e-01,-1.314893030267774710e-01,-1.110451186134359336e+00
3.875331507655576502e+01,-7.677845323705325686e-01,4.667180818059524783e-01,-8.682351952952792606e-01
3.834206910906748078e+01,-8.098453132309965108e-01,2.667931548781092288e-01,-8.775555733837109296e-01
3.834206910906748078e+01,-8.098453132309965108e-01,2.667931548781092288e-01,-8.775555733837109296e-01
3.718608626380095927e+01,-8.727142426747757087e-01,1.268577461367303427e-01,-5.277806869825587555e-01
3.719320276706659456e+01,-7.953244507226030491e-01,3.175046229705489331e-01,-6.754850512191514778e-01
3.719320276706659456e+01,-7.953244507226030491e-01,3.175046229705489331e-01,-6.754850512191514778e-01
3.719320276706659456e+01,-7.953244507226030491e-01,3.175046229705489331e-01,-6.754850512191514778e-01
3.782353461691978680e+01,-7.392607764602520115e-01,3.174939702410363163e-01,-1.077861189511923667e+00
3.782353461691978680e+01,-7.392607764602520115e-01,3.174939702410363163e-01,-1.077861189511923667e+00
3.780463859308976282e+01,-7.045923205557937941e-01,-1.201841282686271772e-01,-1.668616474625658430e+00
3.780463859308976282e+01,-7.045923205557937941e-01,-1.201841282686271772e-01,-1.668616474625658430e+00
3.880975781893248211e+01,-7.908789886324834040e-01,-3.709118856685268417e-01,-1.688387037694850434e+00
3.895094046639498231e+01,-9.102642891766840050e-01,-7.956960911223120991e-01,-1.635733839285549607e+00
3.850095296173024906e+01,-9.871660483754587379e-01,-9.647762587206212270e-01,-1.475675031003034210e+00
3.968092951007310631e+01,-1.000716462185569089e+00,-7.049852623295991272e-01,-1.295735386716424520e+00
3.968092951007310631e+01,-1.000716462185569089e+00,-7.049852623295991272e-01,-1.295735386716424520e+00
3.987174774638568664e+01,-9.553182094474036434e-01,-8.963667903037103590e-01,-1.675552745408092514e+00
3.879449397480070161e+01,-9.301229026857175120e-01,-4.351987060216088166e-01,-1.195909895853104254e+00
3.879449397480070161e+01,-9.301229026857175120e-01,-4.351987060216088166e-01,-1.195909895853104254e+00
3.879449397480070161e+01,-9.301229026857175120e-01,-4.351987060216088166e-01,-1.195909895853104254e+00
3.879449397480070161e+01,-9.301229026857175120e-01,-4.351987060216088166e-01,-1.195909895853104254e+00
3.838475869114407146e+01,-8.318544115564061592e-01,-3.660542263030351351e-01,-1.473588385654882815e+00
3.614627367146896830e+01,-7.348408561901814684e-01,-7.819056889036390956e-03,-1.121007288332951823e+00
3.614627367146896830e+01,-7.348408561901814684e-01,-7.819056889036390956e-03,-1.121007288332951823e+00
3.632009686117795866e+01,-6.860431766906839313e-01,3.152074611228014023e-01,-1.022443260972549561e+00
3.632009686117795866e+01,-6.860431766906839313e-01,3.152074611228014023e-01,-1.022443260972549561e+00
3.665563086775824786e+01,-6.819296817636246733e-01,5.452746968863588783e-01,-7.884444134424131168e-01
3.640680186987185607e+01,-6.360896818061902991e-01,4.479328106784656316e-01,-1.089515810121005179e+00
3.640680186987185607e+01,-6.360896818061902991e-01,4.479328106784656316e-01,-1.089515810121005179e+00
3.609022307751516223e+01,-7.193263134171554718e-01,7.491761756538162231e-02,-1.084125315799805644e+00
3.609022307751516223e+01,-7.193263134171554718e-01,7.491761756538162231e-02,-1.084125315799805644e+00
3.609022307751516223e+01,-7.193263134171554718e-01,7.491761756538162231e-02,-1.084125315799805644e+00
3.605839949066711370e+01,-7.848564333422920480e-01,-2.333340989717475611e-01,-8.623683057370986615e-01
3.605839949066711370e+01,-7.848564333422920480e-01,-2.333340989717475611e-01,-8.623683057370986615e-01
3.690241495451194709e+01,-6.382280600335394904e-01,-5.029645024282311527e-02,-1.058059977283140496e+00
3.733382816071969756e+01,-5.954938169266573711e-01,1.918375592363331106e-01,-8.788635394893251629e-01
3.657463176080080558e+01,-9.171748570511446541e-01,-8.003720522657333802e-01,-7.610055613799753260e-01
3.657463176080080558e+01,-9.171748570511446541e-01,-8.003720522657333802e-01,-7.610055613799753260e-01
3.633823345112447356e+01,-1.091158101691149573e+00,-1.121717442061268111e+00,-4.157804303147661917e-01
3.636991227497600931e+01,-1.170192065824092964e+00,-1.228126308237071473e+00,-2.107706013894770081e-01
3.788222945278486264e+01,-1.153127893685281347e+00,-1.677073313138120803e+00,-8.553148696677729257e-01
3.802012381559601550e+01,-1.070543267327146886e+00,-1.568330541722055216e+00,-9.742961421686120449e-01
3.808104805233220702e+01,-1.278578411513745960e+00,-1.735135732745447523e+00,-3.760051285157988143e-01
3.852655407505566387e+01,-1.412361264618518408e+00,-1.667053915418939436e+00,4.244110976121989731e-01
3.852655407505566387e+01,-1.412361264618518408e+00,-1.667053915418939436e+00,4.244110976121989731e-01
3.852655407505566387e+01,-1.412361264618518408e+00,-1.667053915418939436e+00,4.244110976121989731e-01
3.852655407505566387e+01,-1.412361264618518408e+00,-1.667053915418939436e+00,4.244110976121989731e-01
3.852655407505566387e+01,-1.412361264618518408e+00,-1.667053915418939436e+00,4.244110976121989731e-01
3.897837582014510360e+01,-1.436819056354116331e+00,-1.349042295369990097e+00,1.031817833873741153e+00
3.897837582014510360e+01,-1.436819056354116331e+00,-1.349042295369990097e+00,1.031817833873741153e+00
3.835710661710164970e+01,-1.454472888568803857e+00,-1.193475662276765270e+00,1.136755110802079249e+00
3.846789644052944368e+01,-1.320059658049482998e+00,-1.027487938326908434e+00,1.017804115453328828e+00
3.846789644052944368e+01,-1.320059658049482998e+00,-1.027487938326908434e+00,1.017804115453328828e+00
3.846789644052944368e+01,-1.320059658049482998e+00,-1.027487938326908434e+00,1.017804115453328828e+00
3.753573261915451553e+01,-1.236258852547519549e+00,-4.359439693931062010e-01,1.235048745289453853e+00
3.753573261915451553e+01,-1.236258852547519549e+00,-4.359439693931062010e-01,1.235048745289453853e+00
3.885803952399995609e+01,-1.114649817253754449e+00,2.690241042135944616e-01,1.701291488592662438e+00
3.725759412315844088e+01,-1.175423041039375338e+00,1.168719460599499105e-01,1.464557014517814615e+00
3.795866412383812616e+01,-9.989669274634198626e-01,9.175911795361016976e-01,1.895541255434194383e+00
3.799409006506834885e+01,-1.172593511153747770e+00,9.953630150186596470e-01,2.710471308225419040e+00
3.834557512697983839e+01,-1.151610725475097352e+00,3.951078784636647967e-01,1.968834512488308874e+00
3.798960095047478092e+01,-1.092800229154964997e+00,5.132247795209317065e-01,1.799135907367478859e+00
3.716455089351673990e+01,-1.133901879741117558e+00,5.106857635955124319e-01,1.606184348539873685e+00
3.716455089351673990e+01,-1.133901879741117558e+00,5.106857635955124319e-01,1.606184348539873685e+00
3.716455089351673990e+01,-1.133901879741117558e+00,5.106857635955124319e-01,1.606184348539873685e+00
3.714099109039211299e+01,-1.118164554882492778e+00,4.289385994760079313e-01,1.507599225867924719e+00
3.610977799999491822e+01,-1.108025814054461877e+00,1.016057282778680126e-01,9.881150478186676578e-01
3.642938611885909239e+01,-1.128422317776592187e+00,2.032844690136659804e-01,1.032623374867624344e+00
3.651309388028450087e+01,-1.024946848782578801e+00,3.157416917290602476e-01,5.994744093793983319e-01
3.755660338169257528e+01,-1.013948834952640432e+00,4.435784949044520031e-01,5.111836761748069780e-01
3.708793462966175269e+01,-9.938224292820445616e-01,3.559515185201745369e-01,3.813223947171251460e-01
3.708793462966175269e+01,-9.938224292820445616e-01,3.559515185201745369e-01,3.813223947171251460e-01
3.708793462966175269e+01,-9.938224292820445616e-01,3.559515185201745369e-01,3.813223947171251460e-01
3.708793462966175269e+01,-9.938224292820445616e-01,3.559515185201745369e-01,3.813223947171251460e-01
3.670321467291680051e+01,-1.000704910147893090e+00,5.051476529004657046e-01,7.694360395114685502e-01
3.629319047533645204e+01,-1.206553875881775095e+00,-1.371790293336359046e-01,1.045259868632601119e+00
3.567255509748468256e+01,-1.118645940034560304e+00,-2.715369285429442003e-01,4.235273379077628686e-01
3.567255509748468256e+01,-1.118645940034560304e+00,-2.715369285429442003e-01,4.235273379077628686e-01
3.625601828613766031e+01,-1.000689691649857771e+00,1.620230038436698550e-03,1.179280316871200718e-01
3.697559675054844774e+01,-1.129702529117702747e+00,-8.348355193007626907e-02,3.897763696545504253e-01
3.608462924231587721e+01,-1.125472859633307676e+00,-2.012027629390700234e-01,4.007279744979490577e-01
3.608462924231587721e+01,-1.125472859633307676e+00,-2.012027629390700234e-01,4.007279744979490577e-01
3.757715582325018744e+01,-1.291331547220678999e+00,-2.333472302315289237e-01,9.376888648294107176e-01
3.757715582325018744e+01,-1.291331547220678999e+00,-2.333472302315289237e-01,9.376888648294107176e-01
3.699072597643868221e+01,-1.230278848648164836e+00,2.909059464272889528e-02,1.207272964581472152e+00
3.669532467746751081e+01,-1.200466778449744254e+00,5.775801261096389499e-02,1.213412607074394467e+00
3.658876576477842946e+01,-1.078584814983251983e+00,3.702953175385715889e-01,9.800167717734949990e-01
3.587235467845032133e+01,-1.139155945106661072e+00,-3.564825138794309733e-01,3.054743585468969735e-01
3.587235467845032133e+01,-1.139155945106661072e+00,-3.564825138794309733e-01,3.054743585468969735e-01
3.596720630838607491e+01,-1.170613585505086540e+00,-3.368364220161560452e-01,4.637965347613635103e-01
3.596720630838607491e+01,-1.170613585505086540e+00,-3.368364220161560452e-01,4.637965347613635103e-01
3.626447867285683913e+01,-1.047402803202584609e+00,3.935038578247562757e-02,3.510976044374388705e-01
3.651256042960606862e+01,-9.350512542430349239e-01,1.955749128942759207e-01,5.153496227510934169e-02
3.637460288797748831e+01,-8.597132966628172612e-01,-6.451113654554756494e-01,-9.533022476851744642e-01
3.638633927319096983e+01,-8.947179864990616460e-01,-3.621146246685325587e-01,-3.208426948798847045e-01
3.623361373190516588e+01,-8.639309102853550693e-01,-5.655799628262370149e-01,-8.430697250922573049e-01
3.682946376140414912e+01,-7.731943978395889872e-01,-3.458526636416688893e-01,-8.081287650852739812e-01
3.700171541434142597e+01,-7.675893930485693240e-01,-1.310637565028948404e-01,-5.342242808946782162e-01
3.680781560494988724e+01,-7.723065099178444415e-01,-1.940898051448325667e-01,-6.238987465462253468e-01
3.666614854699409420e+01,-7.506123627739845761e-01,-1.924327507258777048e-01,-7.534382852268962649e-01
3.654585283353114988e+01,-9.011522468111053952e-01,1.634795104810671251e-02,2.152175479124605051e-01
3.654585283353114988e+01,-9.011522468111053952e-01,1.634795104810671251e-02,2.152175479124605051e-01
3.589420236831673350e+01,-1.015782065534421630e+00,-3.369479155288951921e-01,2.383728704919329811e-01
3.589420236831673350e+01,-1.015782065534421630e+00,-3.369479155288951921e-01,2.383728704919329811e-01
3.597239053077846904e+01,-9.424033933751368997e-01,-2.025093110230464788e-01,-1.767335503280673126e-02
3.574390195526578395e+01,-1.001748731446913121e+00,-3.502122753503519870e-01,7.173579814982132541e-02
3.605928737951329310e+01,-9.056463091890269990e-01,-3.208933823268326768e-01,-3.491106266134295644e-01
3.617484200734906352e+01,-9.014919207298410786e-01,-1.106578007640139916e-01,-3.909260625896363583e-01
3.632228790544263575e+01,-8.285447764996178854e-01,3.773161993473644338e-01,8.052363028133835421e-03
3.632228790544263575e+01,-8.285447764996178854e-01,3.773161993473644338e-01,8.052363028133835421e-03
3.644538387782384348e+01,-6.410877066435941574e-01,6.588194561489137957e-01,-4.267757949975628518e-01
3.684947248830336974e+01,-7.522419107289767259e-01,6.978337717023501696e-01,-2.259415323584270385e-01
3.721482437324671366e+01,-5.103506311258865225e-01,1.205306024678584498e+00,-6.825737813860529579e-01
3.710057418619376790e+01,-5.259378410941041304e-01,1.137347824153829290e+00,-6.930167249808049101e-01
3.649766565613722946e+01,-6.436655602749004057e-01,8.021970557303105265e-01,-4.281773219010387432e-01
3.662020222252012047e+01,-5.860268365478488173e-01,9.971645978607459604e-01,-4.007286418182145482e-01
3.709872322020778768e+01,-4.847242916985619599e-01,1.318785425227594121e+00,-4.078886430907650018e-01
3.709872322020778768e+01,-4.847242916985619599e-01,1.318785425227594121e+00,-4.078886430907650018e-01
3.760091822799552119e+01,-3.796394618968266244e-01,1.516954441171544099e+00,-6.993814524775092689e-01
3.767123377707053322e+01,-3.327908495659479549e-01,1.540744909872172830e+00,-8.035133324522740761e-01
3.784338532313126535e+01,-4.858327755348754717e-01,1.473680937825487147e+00,8.939457130362415960e-02
3.784338532313126535e+01,-4.858327755348754717e-01,1.473680937825487147e+00,8.939457130362415960e-02
3.784338532313126535e+01,-4.858327755348754717e-01,1.473680937825487147e+00,8.939457130362415960e-02
3.794731319885860898e+01,-4.211391643432434995e-01,1.786277910778783395e+00,-4.987313225979031484e-02
3.794731319885860898e+01,-4.211391643432434995e-01,1.786277910778783395e+00,-4.987313225979031484e-02
3.710306018040277820e+01,-6.353886646813233785e-01,1.432856048917541480e+00,4.978094510386090743e-01
3.662747607681007622e+01,-5.859946008002202555e-01,7.694752202039130129e-01,-4.832027922777901718e-01
3.662747607681007622e+01,-5.859946008002202555e-01,7.694752202039130129e-01,-4.832027922777901718e-01
3.658619825264550940e+01,-7.217912954159027006e-01,-5.016339162595095935e-02,-7.313833943233092327e-01
3.599776372676979719e+01,-8.221757756366412373e-01,-2.445496886749264909e-01,-7.545167051843741923e-01
3.626718997767019204e+01,-9.214547904996478467e-01,9.913696523618081846e-02,-4.313602087819912168e-02
3.635143944552537221e+01,-8.884750787515547366e-01,1.290755681591111426e-01,-1.690437773644178354e-01
3.563298434297263384e+01,-1.105364507772101046e+00,-2.117018025920986424e-01,5.077851661594199317e-01
3.563298434297263384e+01,-1.105364507772101046e+00,-2.117018025920986424e-01,5.077851661594199317e-01
3.563298434297263384e+01,-1.105364507772101046e+00,-2.117018025920986424e-01,5.077851661594199317e-01
3.624516393130488723e+01,-1.100415416674331848e+00,-5.371968074374411373e-02,4.544091089325310584e-01
3.624516393130488723e+01,-1.100415416674331848e+00,-5.371968074374411373e-02,4.544091089325310584e-01
3.666564599703675498e+01,-1.137600694773937438e+00,-3.718899328987400610e-01,9.404363092400619406e-02
3.752800011763893906e+01,-1.230055307316225255e+00,-1.117757497784730991e-01,7.592951359650983445e-01
3.752800011763893906e+01,-1.230055307316225255e+00,-1.117757497784730991e-01,7.592951359650983445e-01
3.732785531091792564e+01,-1.111218437753558552e+00,-8.368599234542517529e-02,2.492389343182840333e-01
3.745946392302435157e+01,-1.055367330939196657e+00,4.489740759755825872e-01,7.346481521848684526e-01
3.745946392302435157e+01,-1.055367330939196657e+00,4.489740759755825872e-01,7.346481521848684526e-01
3.760353126815961389e+01,-1.203236283306326815e+00,3.207303309801012858e-01,1.405233587154328223e+00
3.876912888829067327e+01,-1.271074171181713286e+00,2.891242551419411777e-01,1.490855614601222179e+00
3.876912888829067327e+01,-1.271074171181713286e+00,2.891242551419411777e-01,1.490855614601222179e+00
3.841697628942021936e+01,-1.345406931320362709e+00,2.244805535277614728e-01,1.911376683464444337e+00
3.921016789549147319e+01,-1.459561908920834039e+00,1.271728730443154043e-01,2.167588142354823333e+00
4.021730597865371948e+01,-1.399427984945629699e+00,1.392997057746045986e-01,1.789292854080739348e+00
4.005941097791477290e+01,-1.470301413668538171e+00,-1.870878237777974240e-01,1.923348995015236484e+00
4.020514962140583748e+01,-1.544927396196075886e+00,-3.632497146113868314e-01,2.193895688051969106e+00
4.020514962140583748e+01,-1.544927396196075886e+00,-3.632497146113868314e-01,2.193895688051969106e+00
3.906252819918208274e+01,-1.542513117823869795e+00,-2.146271778399656549e-01,2.418719739682523073e+00
3.948642854832525728e+01,-1.639727528086291075e+00,-3.514613798289839552e-02,2.855159603339825658e+00
3.948642854832525728e+01,-1.639727528086291075e+00,-3.514613798289839552e-02,2.855159603339825658e+00
3.932811683016350912e+01,-1.589200239252116287e+00,4.801504059495138033e-01,3.305088697671502374e+00
3.725581577816561918e+01,-1.445639357700529537e+00,3.095161787769045714e-01,2.841788726620985361e+00
3.725581577816561918e+01,-1.445639357700529537e+00,3.095161787769045714e-01,2.841788726620985361e+00
3.725581577816561918e+01,-1.445639357700529537e+00,3.095161787769045714e-01,2.841788726620985361e+00
3.725581577816561918e+01,-1.445639357700529537e+00,3.095161787769045714e-01,2.841788726620985361e+00
3.751786056297071070e+01,-1.462928581812000139e+00,2.963728212536743678e-01,2.963871020789267341e+00
3.710997487612360146e+01,-1.388801489800365552e+00,2.855226842985094104e-01,2.534430006628074050e+00
3.710997487612360146e+01,-1.388801489800365552e+00,2.855226842985094104e-01,2.534430006628074050e+00
3.694902916324639364e+01,-1.211896564958829581e+00,8.468274280133523124e-01,2.451620110173458045e+00
3.694902916324639364e+01,-1.211896564958829581e+00,8.468274280133523124e-01,2.451620110173458045e+00
3.761067669583434991e+01,-1.185494811784736591e+00,4.593043291516613613e-01,2.078629793441758355e+00
3.769092919172844347e+01,-1.146095683677536670e+00,4.204330365492261468e-01,1.827121316792214900e+00
3.756087728063914000e+01,-1.044754628336645563e+00,2.885910074589873586e-01,1.293637692278255980e+00
3.665818003293905036e+01,-1.005836372727125338e+00,2.669979419747432470e-01,9.787950966500580385e-01
3.635839895329241500e+01,-1.101215634447078262e+00,-2.195700995389443522e-01,8.324213399762672161e-01
